payment_id,order_id,amount,method
90000,1,220.69,credit_card
90001,2,134.06,bank_transfer
90002,3,80.09,credit_card
90003,4,162.78,credit_card
90004,7,181.22,credit_card
90005,8,208.37,bank_transfer
90006,10,206.61,paypal
90007,11,153.64,gift_card
90008,13,51.77,bank_transfer
90009,14,79.85,gift_card
90010,16,199.84,credit_card
90011,19,52.81,credit_card
90012,21,15.51,credit_card
90013,22,87.26,bank_transfer
90014,25,221.75,credit_card
90015,27,161.17,credit_card
90016,28,87.4,bank_transfer
90017,29,55.53,gift_card
90018,31,185.83,gift_card
90019,32,149.99,paypal
90020,34,139.63,credit_card
90021,35,188.17,paypal
90022,37,84.37,gift_card
90023,38,112.93,paypal
90024,40,138.0,gift_card
90025,42,74.95,gift_card
90026,43,200.74,paypal
90027,44,113.41,bank_transfer
90028,45,79.37,bank_transfer
90029,47,54.29,bank_transfer
90030,50,128.59,gift_card
90031,51,20.41,credit_card
90032,52,101.54,bank_transfer
90033,53,88.14,bank_transfer
90034,54,214.29,bank_transfer
90035,55,35.23,credit_card
90036,57,217.79,gift_card
90037,60,182.44,gift_card
90038,61,36.87,bank_transfer
90039,62,233.63,bank_transfer
90040,64,160.39,paypal
90041,65,209.03,bank_transfer
90042,66,158.69,bank_transfer
90043,67,30.87,paypal
90044,69,64.59,gift_card
90045,70,22.53,bank_transfer
90046,71,90.71,paypal
90047,72,113.53,gift_card
90048,73,41.23,bank_transfer
90049,74,207.29,credit_card
90050,75,216.64,credit_card
90051,78,228.27,credit_card
90052,79,176.38,gift_card
90053,82,26.33,paypal
90054,84,50.0,paypal
90055,85,191.39,gift_card
90056,86,144.86,paypal
90057,88,156.46,credit_card
90058,89,220.78,credit_card
90059,90,147.13,gift_card
90060,91,194.35,credit_card
90061,92,65.05,gift_card
90062,93,51.24,paypal
90063,94,220.61,bank_transfer
90064,95,49.74,gift_card
90065,96,189.65,gift_card
90066,98,145.78,paypal
90067,99,62.6,bank_transfer
90068,101,121.48,paypal
90069,102,68.63,paypal
90070,104,43.22,credit_card
90071,105,124.86,gift_card
90072,106,218.5,paypal
90073,107,80.15,credit_card
90074,109,185.55,bank_transfer
90075,111,65.57,bank_transfer
90076,113,103.27,gift_card
90077,115,183.25,paypal
90078,117,63.82,paypal
90079,119,225.05,credit_card
90080,120,76.6,credit_card
90081,121,115.08,paypal
90082,122,227.57,paypal
90083,123,143.77,credit_card
90084,125,115.32,bank_transfer
90085,126,189.27,paypal
90086,127,50.6,paypal
90087,128,57.75,bank_transfer
90088,129,111.73,paypal
90089,131,18.94,gift_card
90090,133,180.06,bank_transfer
90091,135,91.77,paypal
90092,136,185.64,credit_card
90093,137,112.38,bank_transfer
90094,139,99.4,paypal
90095,140,43.0,paypal
90096,141,103.28,bank_transfer
90097,142,127.93,gift_card
90098,144,201.63,bank_transfer
90099,145,127.9,gift_card
90100,146,93.95,paypal
90101,147,181.33,bank_transfer
90102,152,189.73,gift_card
90103,153,99.05,credit_card
90104,154,74.02,gift_card
90105,155,54.84,paypal
90106,157,180.32,bank_transfer
90107,160,217.39,credit_card
90108,161,71.1,bank_transfer
90109,162,116.79,gift_card
90110,163,16.2,gift_card
90111,164,68.76,paypal
90112,165,150.74,gift_card
90113,169,22.76,credit_card
90114,170,232.19,bank_transfer
90115,172,122.85,bank_transfer
90116,174,67.89,paypal
90117,175,222.94,bank_transfer
90118,179,88.43,credit_card
90119,181,231.63,paypal
90120,184,74.28,bank_transfer
90121,185,92.04,paypal
90122,186,237.49,credit_card
90123,187,204.96,bank_transfer
90124,189,87.96,bank_transfer
90125,190,66.68,gift_card
90126,191,50.59,paypal
90127,195,54.6,gift_card
90128,196,233.92,bank_transfer
90129,197,70.18,gift_card
90130,199,224.54,paypal
90131,201,74.36,credit_card
90132,202,201.2,bank_transfer
90133,203,79.73,gift_card
90134,205,235.59,bank_transfer
90135,206,134.66,paypal
90136,207,137.03,gift_card
90137,208,43.23,credit_card
90138,211,60.79,bank_transfer
90139,213,43.17,credit_card
90140,215,86.02,paypal
90141,216,15.45,gift_card
90142,220,225.82,paypal
90143,222,227.17,credit_card
90144,223,91.27,gift_card
90145,224,10.43,paypal
90146,225,185.91,gift_card
90147,226,79.44,credit_card
90148,230,98.11,gift_card
90149,231,196.1,gift_card
90150,232,90.14,gift_card
90151,233,145.85,gift_card
90152,235,180.42,gift_card
90153,236,88.61,paypal
90154,237,50.3,credit_card
90155,239,82.59,paypal
90156,240,23.43,credit_card
90157,241,117.82,paypal
90158,243,165.11,gift_card
90159,246,219.37,credit_card
90160,250,202.3,bank_transfer
90161,251,105.29,bank_transfer
90162,252,147.35,credit_card
90163,254,73.93,credit_card
90164,255,43.25,bank_transfer
90165,257,178.93,bank_transfer
90166,258,33.76,paypal
90167,259,193.06,gift_card
90168,260,209.86,gift_card
90169,261,113.34,credit_card
90170,262,72.87,paypal
90171,264,24.74,bank_transfer
90172,265,192.85,paypal
90173,266,85.43,gift_card
90174,267,104.52,bank_transfer
90175,269,28.48,paypal
90176,270,211.36,paypal
90177,271,95.75,gift_card
90178,274,49.92,paypal
90179,276,72.55,gift_card
90180,278,9.87,credit_card
90181,280,186.59,paypal
90182,282,198.27,bank_transfer
90183,283,125.5,credit_card
90184,285,142.39,gift_card
90185,286,164.99,bank_transfer
90186,287,54.1,bank_transfer
90187,288,156.4,gift_card
90188,289,143.56,gift_card
90189,292,94.96,gift_card
90190,293,87.24,credit_card
90191,294,113.13,paypal
90192,295,94.88,gift_card
90193,297,91.92,bank_transfer
90194,298,163.64,credit_card
90195,299,108.54,paypal
90196,301,239.94,bank_transfer
90197,303,93.82,paypal
90198,304,180.1,credit_card
90199,308,116.73,credit_card
90200,309,33.26,bank_transfer
90201,311,239.75,credit_card
90202,312,38.09,credit_card
90203,313,76.2,paypal
90204,314,116.2,paypal
90205,315,137.48,bank_transfer
90206,318,151.38,credit_card
90207,319,43.67,credit_card
90208,320,76.24,credit_card
90209,321,77.78,credit_card
90210,322,26.18,gift_card
90211,324,55.25,paypal
90212,325,99.51,gift_card
90213,326,59.05,credit_card
90214,327,91.17,bank_transfer
90215,328,19.5,credit_card
90216,329,135.03,bank_transfer
90217,330,173.44,credit_card
90218,331,228.63,bank_transfer
90219,332,102.33,credit_card
90220,334,231.49,gift_card
90221,336,81.11,bank_transfer
90222,337,20.31,credit_card
90223,340,74.3,credit_card
90224,341,200.92,gift_card
90225,342,198.09,gift_card
90226,343,239.94,bank_transfer
90227,345,223.14,credit_card
90228,346,142.52,credit_card
90229,347,85.83,credit_card
90230,348,167.0,paypal
90231,350,82.22,credit_card
90232,353,168.3,credit_card
90233,354,83.2,paypal
90234,355,117.6,credit_card
90235,356,164.45,bank_transfer
90236,358,32.41,paypal
90237,359,54.89,gift_card
90238,360,95.47,bank_transfer
90239,364,169.8,paypal
90240,365,177.45,credit_card
90241,366,95.6,paypal
90242,367,137.81,bank_transfer
90243,368,120.94,paypal
90244,369,165.63,paypal
90245,370,139.79,bank_transfer
90246,371,111.64,gift_card
90247,372,189.91,paypal
90248,374,45.84,paypal
90249,375,167.91,gift_card
90250,377,65.81,credit_card
90251,378,162.92,gift_card
90252,379,68.93,credit_card
90253,380,192.12,paypal
90254,382,134.16,paypal
90255,384,79.09,bank_transfer
90256,386,113.06,gift_card
90257,389,25.48,credit_card
90258,391,31.67,credit_card
90259,392,90.04,paypal
90260,394,103.88,paypal
90261,397,130.2,gift_card
90262,398,212.08,credit_card
90263,399,52.75,bank_transfer
90264,401,67.41,paypal
90265,402,234.44,paypal
90266,406,186.46,paypal
90267,407,77.12,gift_card
90268,408,42.6,paypal
90269,410,8.16,credit_card
90270,411,102.57,gift_card
90271,412,11.47,paypal
90272,417,54.59,paypal
90273,418,59.26,gift_card
90274,420,146.16,gift_card
90275,421,80.12,credit_card
90276,422,179.53,paypal
90277,423,133.3,credit_card
90278,424,110.45,credit_card
90279,425,94.01,gift_card
90280,426,239.99,bank_transfer
90281,427,238.28,paypal
90282,429,234.05,credit_card
90283,430,96.25,credit_card
90284,431,23.69,paypal
90285,432,87.32,paypal
90286,433,52.7,paypal
90287,434,212.75,bank_transfer
90288,436,225.82,credit_card
90289,438,82.54,credit_card
90290,440,184.85,gift_card
90291,442,221.83,paypal
90292,444,120.21,bank_transfer
90293,445,115.89,paypal
90294,448,73.37,credit_card
90295,450,58.98,bank_transfer
90296,451,115.9,paypal
90297,452,78.6,credit_card
90298,456,90.73,bank_transfer
90299,458,228.26,bank_transfer
90300,460,126.05,gift_card
90301,463,170.88,gift_card
90302,464,155.05,credit_card
90303,467,167.06,bank_transfer
90304,468,141.22,bank_transfer
90305,469,123.42,bank_transfer
90306,470,233.07,gift_card
90307,471,27.63,credit_card
90308,472,193.12,gift_card
90309,474,136.8,credit_card
90310,475,75.42,gift_card
90311,476,167.99,bank_transfer
90312,477,166.95,gift_card
90313,478,197.02,gift_card
90314,479,221.33,credit_card
90315,480,117.25,bank_transfer
90316,482,235.87,bank_transfer
90317,483,149.61,gift_card
90318,485,109.2,bank_transfer
90319,486,140.04,bank_transfer
90320,487,97.2,gift_card
90321,488,123.98,paypal
90322,491,81.3,gift_card
90323,492,158.3,credit_card
90324,493,219.47,gift_card
90325,495,85.32,gift_card
90326,496,23.28,credit_card
90327,497,117.74,paypal
90328,499,83.98,credit_card
90329,500,76.58,bank_transfer
90330,501,191.2,credit_card
90331,502,118.43,bank_transfer
90332,504,144.01,bank_transfer
90333,505,51.93,credit_card
90334,506,135.9,gift_card
90335,509,113.94,bank_transfer
90336,510,229.49,credit_card
90337,511,70.51,bank_transfer
90338,512,140.98,paypal
90339,513,166.07,bank_transfer
90340,515,20.7,bank_transfer
90341,516,24.91,bank_transfer
90342,518,205.69,bank_transfer
90343,520,13.1,bank_transfer
90344,521,67.72,credit_card
90345,522,56.03,bank_transfer
90346,523,81.21,credit_card
90347,525,178.52,bank_transfer
90348,528,61.07,bank_transfer
90349,533,202.85,gift_card
90350,534,28.95,bank_transfer
90351,535,238.53,paypal
90352,536,123.57,credit_card
90353,537,23.45,gift_card
90354,539,171.61,bank_transfer
90355,540,39.66,gift_card
90356,541,71.67,gift_card
90357,542,46.76,bank_transfer
90358,543,218.23,bank_transfer
90359,544,148.56,bank_transfer
90360,546,229.21,gift_card
90361,547,10.1,paypal
90362,548,96.2,gift_card
90363,550,133.16,bank_transfer
90364,551,190.88,paypal
90365,552,35.31,credit_card
90366,554,121.47,credit_card
90367,555,57.02,gift_card
90368,556,196.28,paypal
90369,557,14.41,gift_card
90370,558,59.83,paypal
90371,559,42.85,gift_card
90372,560,200.02,paypal
90373,562,186.61,gift_card
90374,563,21.71,bank_transfer
90375,564,205.23,credit_card
90376,566,83.18,gift_card
90377,568,191.98,bank_transfer
90378,570,18.16,paypal
90379,571,20.46,gift_card
90380,572,90.56,gift_card
90381,573,77.54,credit_card
90382,574,104.62,paypal
90383,575,45.69,credit_card
90384,580,197.49,gift_card
90385,581,111.01,paypal
90386,582,77.84,credit_card
90387,587,100.2,paypal
90388,588,25.26,paypal
90389,591,127.9,credit_card
90390,592,209.02,bank_transfer
90391,593,111.86,bank_transfer
90392,596,180.74,paypal
90393,597,225.11,gift_card
90394,599,175.4,paypal
90395,600,184.76,gift_card
90396,602,68.84,paypal
90397,603,87.77,paypal
90398,604,179.73,bank_transfer
90399,605,217.09,paypal
90400,606,150.72,credit_card
90401,607,211.92,gift_card
90402,608,104.37,credit_card
90403,609,70.74,paypal
90404,610,66.4,paypal
90405,615,21.66,bank_transfer
90406,616,131.18,credit_card
90407,617,236.03,gift_card
90408,618,42.41,paypal
90409,619,123.93,paypal
90410,620,176.11,credit_card
90411,621,51.96,bank_transfer
90412,623,175.59,credit_card
90413,624,72.21,credit_card
90414,626,173.47,paypal
90415,627,145.48,paypal
90416,628,112.47,bank_transfer
90417,630,47.12,bank_transfer
90418,631,139.81,credit_card
90419,632,79.32,credit_card
90420,633,106.09,bank_transfer
90421,634,226.05,paypal
90422,636,218.71,credit_card
90423,637,75.93,credit_card
90424,638,153.71,gift_card
90425,639,137.34,credit_card
90426,643,160.16,paypal
90427,644,138.87,paypal
90428,645,108.76,gift_card
90429,647,111.82,credit_card
90430,648,125.43,paypal
90431,649,96.23,gift_card
90432,650,8.24,credit_card
90433,653,108.05,paypal
90434,656,138.36,paypal
90435,658,220.25,paypal
90436,660,105.85,paypal
90437,662,232.57,credit_card
90438,663,40.27,gift_card
90439,665,21.31,credit_card
90440,666,14.91,paypal
90441,668,147.99,gift_card
90442,670,136.55,paypal
90443,672,187.66,bank_transfer
90444,673,110.4,gift_card
90445,675,21.63,paypal
90446,676,166.23,gift_card
90447,678,99.53,bank_transfer
90448,679,206.31,credit_card
90449,681,231.23,paypal
90450,684,158.73,gift_card
90451,685,177.01,credit_card
90452,686,38.69,paypal
90453,688,85.23,paypal
90454,689,225.04,gift_card
90455,690,189.01,credit_card
90456,692,216.94,paypal
90457,693,117.13,gift_card
90458,694,187.67,credit_card
90459,695,151.39,gift_card
90460,696,197.43,paypal
90461,698,47.76,gift_card
90462,700,164.46,paypal
90463,701,126.18,paypal
90464,702,123.14,bank_transfer
90465,703,25.89,paypal
90466,704,37.84,bank_transfer
90467,706,36.61,gift_card
90468,707,138.14,gift_card
90469,708,203.72,bank_transfer
90470,709,66.29,gift_card
90471,710,221.74,gift_card
90472,712,235.44,credit_card
90473,713,60.4,credit_card
90474,714,226.65,gift_card
90475,715,177.15,credit_card
90476,717,52.43,credit_card
90477,718,191.78,credit_card
90478,719,146.9,gift_card
90479,721,67.82,paypal
90480,723,87.3,credit_card
90481,725,49.47,paypal
90482,727,183.84,credit_card
90483,728,163.29,paypal
90484,729,194.96,bank_transfer
90485,731,34.42,paypal
90486,734,32.02,gift_card
90487,735,135.07,credit_card
90488,736,70.0,paypal
90489,738,115.27,gift_card
90490,739,32.76,paypal
90491,742,201.81,bank_transfer
90492,743,199.6,bank_transfer
90493,744,225.43,paypal
90494,745,46.17,paypal
90495,746,203.5,gift_card
90496,747,158.42,gift_card
90497,748,116.55,gift_card
90498,751,18.49,bank_transfer
90499,752,135.61,bank_transfer
90500,753,15.01,gift_card
90501,754,80.18,paypal
90502,756,48.91,credit_card
90503,757,185.56,paypal
90504,758,51.83,gift_card
90505,760,121.46,credit_card
90506,761,224.67,credit_card
90507,762,230.53,credit_card
90508,763,223.73,paypal
90509,764,217.68,credit_card
90510,765,55.29,bank_transfer
90511,766,76.61,gift_card
90512,767,146.06,bank_transfer
90513,768,101.66,gift_card
90514,769,22.62,credit_card
90515,770,134.74,bank_transfer
90516,771,93.64,bank_transfer
90517,772,142.92,bank_transfer
90518,774,183.93,paypal
90519,775,194.5,credit_card
90520,776,9.75,paypal
90521,777,101.23,bank_transfer
90522,778,182.28,bank_transfer
90523,783,147.03,paypal
90524,785,41.48,bank_transfer
90525,786,198.15,bank_transfer
90526,787,215.45,bank_transfer
90527,788,102.97,bank_transfer
90528,790,15.77,bank_transfer
90529,791,32.21,bank_transfer
90530,792,37.14,credit_card
90531,793,103.19,bank_transfer
90532,794,146.28,credit_card
90533,795,172.18,paypal
90534,796,148.66,gift_card
90535,797,159.5,paypal
90536,799,31.13,credit_card
90537,801,233.38,bank_transfer
90538,805,42.04,paypal
90539,808,139.47,credit_card
90540,809,99.23,bank_transfer
90541,811,162.3,bank_transfer
90542,814,226.82,paypal
90543,816,8.87,bank_transfer
90544,817,59.38,bank_transfer
90545,818,164.99,credit_card
90546,821,86.7,credit_card
90547,822,205.08,credit_card
90548,824,114.63,credit_card
90549,827,9.09,gift_card
90550,828,145.67,credit_card
90551,829,115.25,bank_transfer
90552,831,238.22,bank_transfer
90553,832,168.25,credit_card
90554,834,146.74,bank_transfer
90555,835,152.23,paypal
90556,836,60.49,credit_card
90557,837,215.76,gift_card
90558,840,102.68,gift_card
90559,843,38.26,credit_card
90560,844,199.62,credit_card
90561,846,232.68,gift_card
90562,847,198.71,credit_card
90563,848,47.57,bank_transfer
90564,849,204.56,paypal
90565,850,28.83,credit_card
90566,852,174.39,credit_card
90567,854,14.46,gift_card
90568,858,84.39,paypal
90569,861,186.92,gift_card
90570,862,31.26,credit_card
90571,863,22.48,paypal
90572,865,229.69,gift_card
90573,866,59.32,paypal
90574,867,142.76,bank_transfer
90575,868,79.1,paypal
90576,869,115.5,gift_card
90577,872,167.42,paypal
90578,873,124.75,bank_transfer
90579,875,205.32,paypal
90580,876,166.37,credit_card
90581,877,18.75,bank_transfer
90582,879,131.98,credit_card
90583,880,195.45,gift_card
90584,881,141.69,gift_card
90585,883,173.83,paypal
90586,884,235.02,credit_card
90587,885,136.36,credit_card
90588,886,104.66,credit_card
90589,887,224.96,bank_transfer
90590,888,47.45,bank_transfer
90591,889,64.2,bank_transfer
90592,891,230.0,credit_card
90593,892,13.59,gift_card
90594,893,143.79,bank_transfer
90595,894,129.0,paypal
90596,895,213.69,paypal
90597,896,88.13,credit_card
90598,897,109.91,paypal
90599,898,186.4,gift_card
90600,899,78.2,credit_card
90601,902,93.01,credit_card
90602,903,197.74,credit_card
90603,905,140.19,bank_transfer
90604,906,175.2,paypal
90605,907,159.75,credit_card
90606,908,149.52,bank_transfer
90607,909,198.63,credit_card
90608,910,108.11,paypal
90609,911,44.81,paypal
90610,912,204.01,paypal
90611,913,11.68,credit_card
90612,914,158.08,gift_card
90613,915,51.12,paypal
90614,916,176.89,gift_card
90615,917,180.42,paypal
90616,918,229.36,credit_card
90617,919,80.04,credit_card
90618,921,23.48,paypal
90619,922,215.81,bank_transfer
90620,923,213.34,credit_card
90621,927,148.13,gift_card
90622,928,208.45,paypal
90623,929,93.13,bank_transfer
90624,930,128.16,credit_card
90625,932,75.95,bank_transfer
90626,933,12.9,bank_transfer
90627,934,49.35,credit_card
90628,936,52.87,credit_card
90629,943,178.13,gift_card
90630,945,79.52,bank_transfer
90631,946,90.61,paypal
90632,948,97.23,credit_card
90633,949,145.17,paypal
90634,952,162.77,gift_card
90635,954,119.37,bank_transfer
90636,955,126.64,gift_card
90637,956,214.14,paypal
90638,957,139.42,paypal
90639,960,155.94,bank_transfer
90640,961,110.34,credit_card
90641,962,197.68,credit_card
90642,963,83.02,gift_card
90643,966,74.81,paypal
90644,967,109.51,bank_transfer
90645,968,116.16,bank_transfer
90646,969,151.69,gift_card
90647,970,173.37,bank_transfer
90648,971,148.98,gift_card
90649,972,101.03,paypal
90650,973,138.06,paypal
90651,974,90.65,credit_card
90652,975,210.7,gift_card
90653,976,32.43,bank_transfer
90654,977,10.95,credit_card
90655,978,121.91,paypal
90656,979,164.2,paypal
90657,980,119.28,credit_card
90658,981,60.02,paypal
90659,982,61.89,credit_card
90660,983,20.75,gift_card
90661,985,167.79,gift_card
90662,986,63.96,bank_transfer
90663,988,27.7,credit_card
90664,989,18.12,credit_card
90665,991,115.24,paypal
90666,992,171.03,bank_transfer
90667,993,188.98,credit_card
90668,996,9.79,gift_card
90669,997,67.99,credit_card
90670,998,36.83,gift_card
90671,999,23.88,gift_card
90672,1000,9.55,bank_transfer
90673,1001,114.31,gift_card
90674,1002,82.1,bank_transfer
90675,1004,135.85,credit_card
90676,1006,227.95,bank_transfer
90677,1007,140.98,credit_card
90678,1008,181.94,paypal
90679,1009,176.9,bank_transfer
90680,1010,135.2,bank_transfer
90681,1011,12.57,paypal
90682,1012,193.69,paypal
90683,1013,59.88,paypal
90684,1015,155.57,bank_transfer
90685,1017,200.05,paypal
90686,1018,161.35,paypal
90687,1019,135.45,gift_card
90688,1020,78.45,credit_card
90689,1021,80.79,bank_transfer
90690,1024,112.09,bank_transfer
90691,1025,80.82,gift_card
90692,1027,73.22,gift_card
90693,1029,191.54,gift_card
90694,1030,23.87,gift_card
90695,1032,217.14,credit_card
90696,1033,123.03,gift_card
90697,1034,112.89,credit_card
90698,1036,119.25,bank_transfer
90699,1039,147.06,gift_card
90700,1040,238.78,gift_card
90701,1041,209.61,paypal
90702,1042,67.28,bank_transfer
90703,1043,89.65,bank_transfer
90704,1044,35.48,credit_card
90705,1045,179.11,bank_transfer
90706,1046,160.76,gift_card
90707,1048,228.86,bank_transfer
90708,1050,97.41,bank_transfer
90709,1051,91.95,paypal
90710,1053,69.19,paypal
90711,1054,171.68,gift_card
90712,1055,47.1,bank_transfer
90713,1056,139.46,bank_transfer
90714,1057,232.83,bank_transfer
90715,1058,120.52,credit_card
90716,1059,224.92,gift_card
90717,1062,71.04,gift_card
90718,1063,64.33,credit_card
90719,1066,152.35,paypal
90720,1067,50.27,gift_card
90721,1068,14.06,paypal
90722,1071,45.04,bank_transfer
90723,1073,73.45,credit_card
90724,1074,159.87,paypal
90725,1075,225.03,gift_card
90726,1076,178.01,paypal
90727,1077,225.73,bank_transfer
90728,1079,140.27,bank_transfer
90729,1080,63.69,gift_card
90730,1081,99.04,credit_card
90731,1083,134.27,credit_card
90732,1084,142.1,bank_transfer
90733,1085,112.26,paypal
90734,1086,62.02,credit_card
90735,1088,234.26,gift_card
90736,1090,99.8,bank_transfer
90737,1091,47.23,paypal
90738,1093,212.39,credit_card
90739,1094,126.54,bank_transfer
90740,1095,219.63,bank_transfer
90741,1098,50.21,paypal
90742,1099,114.13,bank_transfer
90743,1100,17.55,credit_card
90744,1101,177.45,bank_transfer
90745,1102,158.59,bank_transfer
90746,1104,177.86,credit_card
90747,1106,193.08,paypal
90748,1107,177.11,credit_card
90749,1108,103.89,paypal
90750,1109,170.68,paypal
90751,1110,201.25,gift_card
90752,1111,178.28,bank_transfer
90753,1112,114.07,credit_card
90754,1117,103.54,paypal
90755,1119,109.75,bank_transfer
90756,1120,147.49,paypal
90757,1122,233.32,gift_card
90758,1123,227.74,paypal
90759,1124,229.98,credit_card
90760,1125,154.31,gift_card
90761,1126,57.63,credit_card
90762,1127,129.31,gift_card
90763,1129,68.99,bank_transfer
90764,1130,52.71,bank_transfer
90765,1134,191.85,gift_card
90766,1135,153.34,paypal
90767,1138,94.87,credit_card
90768,1139,210.27,gift_card
90769,1140,235.39,bank_transfer
90770,1141,204.56,credit_card
90771,1142,158.17,credit_card
90772,1145,190.98,gift_card
90773,1146,125.63,paypal
90774,1148,143.93,bank_transfer
90775,1149,175.31,credit_card
90776,1150,24.66,bank_transfer
90777,1151,146.04,paypal
90778,1152,190.73,gift_card
90779,1153,197.96,credit_card
90780,1156,97.63,paypal
90781,1157,24.19,paypal
90782,1159,122.65,gift_card
90783,1160,119.69,bank_transfer
90784,1161,75.49,credit_card
90785,1162,59.29,bank_transfer
90786,1163,50.16,paypal
90787,1166,8.36,paypal
90788,1167,133.8,paypal
90789,1168,191.29,gift_card
90790,1169,63.33,credit_card
90791,1170,142.83,credit_card
90792,1171,41.95,credit_card
90793,1172,91.76,gift_card
90794,1173,119.42,credit_card
90795,1174,81.99,bank_transfer
90796,1175,89.98,gift_card
90797,1176,40.78,paypal
90798,1177,107.13,gift_card
90799,1178,118.86,credit_card
90800,1179,176.38,bank_transfer
90801,1183,63.05,credit_card
90802,1184,59.37,gift_card
90803,1185,82.14,paypal
90804,1186,165.76,bank_transfer
90805,1188,133.54,bank_transfer
90806,1189,125.25,gift_card
90807,1190,196.65,bank_transfer
90808,1191,61.85,paypal
90809,1192,175.61,credit_card
90810,1193,38.14,credit_card
90811,1194,124.84,gift_card
90812,1196,179.58,gift_card
90813,1197,74.31,gift_card
90814,1198,28.11,bank_transfer
90815,1200,27.1,credit_card
90816,1202,122.08,credit_card
90817,1204,238.81,credit_card
90818,1205,161.07,credit_card
90819,1206,143.87,credit_card
90820,1207,50.28,gift_card
90821,1212,204.51,paypal
90822,1213,109.52,credit_card
90823,1214,170.07,gift_card
90824,1215,214.07,paypal
90825,1216,128.67,credit_card
90826,1218,37.83,credit_card
90827,1219,129.86,bank_transfer
90828,1220,184.21,paypal
90829,1221,57.15,paypal
90830,1222,202.05,bank_transfer
90831,1223,58.08,gift_card
90832,1226,33.15,credit_card
90833,1227,87.79,bank_transfer
90834,1228,206.45,paypal
90835,1230,51.57,gift_card
90836,1231,201.48,credit_card
90837,1232,225.1,paypal
90838,1233,82.59,paypal
90839,1234,103.4,credit_card
90840,1235,34.11,bank_transfer
90841,1236,30.22,paypal
90842,1238,234.77,paypal
90843,1239,134.35,bank_transfer
90844,1241,236.43,credit_card
90845,1246,28.55,credit_card
90846,1247,48.63,gift_card
90847,1250,38.66,gift_card
90848,1251,102.36,paypal
90849,1253,237.99,gift_card
90850,1254,192.58,gift_card
90851,1255,197.06,paypal
90852,1257,175.11,bank_transfer
90853,1258,197.29,paypal
90854,1259,171.72,paypal
90855,1260,215.3,gift_card
90856,1262,175.67,bank_transfer
90857,1264,40.3,credit_card
90858,1265,170.13,paypal
90859,1267,121.49,credit_card
90860,1268,64.47,credit_card
90861,1269,86.11,credit_card
90862,1270,220.03,bank_transfer
90863,1272,49.44,paypal
90864,1274,192.22,gift_card
90865,1275,173.35,credit_card
90866,1276,173.74,gift_card
90867,1277,175.64,credit_card
90868,1278,138.08,bank_transfer
90869,1279,133.11,gift_card
90870,1281,25.22,bank_transfer
90871,1283,150.94,credit_card
90872,1285,214.26,gift_card
90873,1287,154.1,credit_card
90874,1289,44.69,bank_transfer
90875,1290,221.6,paypal
90876,1298,66.48,gift_card
90877,1299,28.35,credit_card
90878,1304,36.01,gift_card
90879,1305,58.64,credit_card
90880,1306,228.39,paypal
90881,1307,211.91,credit_card
90882,1308,158.57,gift_card
90883,1309,216.73,credit_card
90884,1310,140.66,credit_card
90885,1312,118.48,bank_transfer
90886,1314,108.19,credit_card
90887,1315,156.48,paypal
90888,1317,219.1,credit_card
90889,1319,210.44,bank_transfer
90890,1321,44.48,credit_card
90891,1322,51.1,gift_card
90892,1324,119.01,paypal
90893,1325,36.02,bank_transfer
90894,1327,82.28,credit_card
90895,1328,175.85,credit_card
90896,1330,137.27,bank_transfer
90897,1331,115.17,credit_card
90898,1332,13.4,credit_card
90899,1333,97.69,credit_card
90900,1335,102.69,bank_transfer
90901,1336,30.14,bank_transfer
90902,1337,136.84,gift_card
90903,1338,199.94,bank_transfer
90904,1339,11.49,paypal
90905,1340,231.82,gift_card
90906,1344,107.36,paypal
90907,1345,138.63,bank_transfer
90908,1346,231.82,paypal
90909,1347,37.41,gift_card
90910,1348,100.8,bank_transfer
90911,1349,234.96,credit_card
90912,1350,173.57,bank_transfer
90913,1353,123.0,gift_card
90914,1354,178.8,gift_card
90915,1355,145.6,bank_transfer
90916,1356,103.84,credit_card
90917,1359,122.34,paypal
90918,1360,226.03,bank_transfer
90919,1364,105.75,credit_card
90920,1366,219.51,credit_card
90921,1367,136.53,gift_card
90922,1368,88.3,paypal
90923,1369,91.55,gift_card
90924,1372,119.43,bank_transfer
90925,1373,30.09,gift_card
90926,1374,46.76,gift_card
90927,1375,113.3,gift_card
90928,1377,100.21,credit_card
90929,1382,49.6,gift_card
90930,1383,151.08,bank_transfer
90931,1386,26.95,bank_transfer
90932,1387,62.45,gift_card
90933,1388,124.6,paypal
90934,1389,194.89,gift_card
90935,1390,38.55,bank_transfer
90936,1391,64.9,gift_card
90937,1394,228.6,bank_transfer
90938,1395,121.16,bank_transfer
90939,1396,89.96,paypal
90940,1397,55.21,credit_card
90941,1398,50.46,credit_card
90942,1399,179.68,bank_transfer
90943,1401,200.04,bank_transfer
90944,1404,23.8,paypal
90945,1406,226.51,credit_card
90946,1407,144.01,bank_transfer
90947,1408,23.57,bank_transfer
90948,1409,122.89,gift_card
90949,1410,37.55,credit_card
90950,1411,214.97,paypal
90951,1412,70.42,gift_card
90952,1413,135.6,bank_transfer
90953,1415,54.0,paypal
90954,1416,70.0,credit_card
90955,1418,98.5,credit_card
90956,1419,118.26,bank_transfer
90957,1420,116.81,paypal
90958,1421,148.55,credit_card
90959,1423,150.23,gift_card
90960,1424,207.93,gift_card
90961,1426,167.95,paypal
90962,1427,226.76,credit_card
90963,1428,79.49,gift_card
90964,1431,39.91,paypal
90965,1433,139.46,bank_transfer
90966,1434,186.43,gift_card
90967,1436,44.33,bank_transfer
90968,1437,73.75,gift_card
90969,1438,108.14,gift_card
90970,1439,138.53,gift_card
90971,1440,70.68,bank_transfer
90972,1441,92.73,credit_card
90973,1442,145.51,gift_card
90974,1444,175.9,gift_card
90975,1445,62.19,paypal
90976,1446,189.76,gift_card
90977,1447,71.76,gift_card
90978,1448,67.43,credit_card
90979,1449,119.39,bank_transfer
90980,1452,128.24,credit_card
90981,1453,177.91,paypal
90982,1455,221.89,credit_card
90983,1457,14.94,paypal
90984,1459,236.94,credit_card
90985,1460,148.43,gift_card
90986,1461,185.13,credit_card
90987,1463,206.65,gift_card
90988,1465,125.22,paypal
90989,1466,49.33,credit_card
90990,1467,46.54,credit_card
90991,1469,228.55,paypal
90992,1470,116.75,bank_transfer
90993,1471,43.2,bank_transfer
90994,1475,106.3,gift_card
90995,1477,196.83,bank_transfer
90996,1478,196.14,bank_transfer
90997,1479,91.09,paypal
90998,1480,90.56,credit_card
90999,1482,66.71,bank_transfer
91000,1483,233.14,gift_card
91001,1484,218.76,bank_transfer
91002,1487,46.56,bank_transfer
91003,1489,102.57,credit_card
91004,1490,102.68,paypal
91005,1491,120.36,credit_card
91006,1492,182.73,paypal
91007,1498,174.54,credit_card
91008,1499,45.32,paypal
91009,1502,35.98,bank_transfer
91010,1503,22.32,gift_card
91011,1504,51.72,paypal
91012,1505,101.98,gift_card
91013,1507,198.78,bank_transfer
91014,1510,49.93,bank_transfer
91015,1511,179.11,credit_card
91016,1512,46.44,paypal
91017,1513,180.06,credit_card
91018,1516,225.85,paypal
91019,1517,92.17,paypal
91020,1518,175.98,gift_card
91021,1524,203.65,paypal
91022,1525,129.98,bank_transfer
91023,1526,27.2,gift_card
91024,1527,28.08,bank_transfer
91025,1529,42.76,credit_card
91026,1530,62.02,bank_transfer
91027,1531,120.6,paypal
91028,1532,153.76,paypal
91029,1534,138.12,bank_transfer
91030,1535,17.26,credit_card
91031,1536,49.16,gift_card
91032,1538,125.36,credit_card
91033,1539,41.05,credit_card
91034,1540,172.85,paypal
91035,1541,119.24,paypal
91036,1544,78.13,gift_card
91037,1546,234.62,paypal
91038,1547,88.45,credit_card
91039,1548,211.25,gift_card
91040,1549,154.59,paypal
91041,1551,138.42,bank_transfer
91042,1552,55.05,gift_card
91043,1553,169.79,bank_transfer
91044,1554,224.93,bank_transfer
91045,1555,54.12,bank_transfer
91046,1557,106.41,bank_transfer
91047,1558,49.06,paypal
91048,1559,145.36,gift_card
91049,1561,181.72,bank_transfer
91050,1563,24.21,bank_transfer
91051,1564,88.55,credit_card
91052,1565,200.99,credit_card
91053,1566,51.74,paypal
91054,1567,212.2,bank_transfer
91055,1568,22.83,gift_card
91056,1570,213.36,credit_card
91057,1571,56.49,paypal
91058,1572,102.1,credit_card
91059,1575,123.1,credit_card
91060,1576,164.98,gift_card
91061,1577,237.3,bank_transfer
91062,1578,196.12,gift_card
91063,1579,157.67,gift_card
91064,1582,18.64,paypal
91065,1584,90.39,bank_transfer
91066,1587,48.32,bank_transfer
91067,1588,25.82,credit_card
91068,1589,187.62,gift_card
91069,1591,71.74,paypal
91070,1593,226.62,credit_card
91071,1594,95.0,bank_transfer
91072,1595,223.32,paypal
91073,1596,29.33,paypal
91074,1599,61.56,credit_card
91075,1600,84.39,gift_card
91076,1601,81.31,bank_transfer
91077,1602,186.67,paypal
91078,1604,232.84,paypal
91079,1606,51.44,gift_card
91080,1607,236.5,paypal
91081,1608,169.1,bank_transfer
91082,1609,75.83,bank_transfer
91083,1612,14.84,gift_card
91084,1615,236.56,paypal
91085,1620,22.87,credit_card
91086,1621,111.3,paypal
91087,1622,92.1,gift_card
91088,1623,178.88,paypal
91089,1624,14.05,credit_card
91090,1625,58.95,bank_transfer
91091,1626,195.04,paypal
91092,1627,183.83,bank_transfer
91093,1628,115.04,gift_card
91094,1629,46.23,bank_transfer
91095,1631,107.17,credit_card
91096,1633,204.05,bank_transfer
91097,1636,62.36,gift_card
91098,1637,82.69,paypal
91099,1638,237.36,bank_transfer
91100,1639,160.19,bank_transfer
91101,1642,190.5,credit_card
91102,1643,209.53,gift_card
91103,1644,56.83,paypal
91104,1645,13.54,credit_card
91105,1646,121.47,paypal
91106,1647,114.5,bank_transfer
91107,1649,17.75,gift_card
91108,1650,45.36,credit_card
91109,1651,34.53,bank_transfer
91110,1652,189.97,credit_card
91111,1653,120.77,bank_transfer
91112,1656,71.65,bank_transfer
91113,1657,122.94,credit_card
91114,1660,177.43,bank_transfer
91115,1661,122.02,bank_transfer
91116,1662,18.55,paypal
91117,1663,40.33,credit_card
91118,1664,38.52,credit_card
91119,1666,24.01,credit_card
91120,1668,77.64,credit_card
91121,1669,22.33,credit_card
91122,1670,202.09,credit_card
91123,1671,37.01,gift_card
91124,1672,47.84,bank_transfer
91125,1673,81.6,credit_card
91126,1676,187.68,bank_transfer
91127,1677,125.42,credit_card
91128,1678,81.06,gift_card
91129,1679,78.97,gift_card
91130,1680,14.84,bank_transfer
91131,1681,78.47,credit_card
91132,1684,234.84,gift_card
91133,1685,127.33,paypal
91134,1686,128.51,gift_card
91135,1687,147.89,bank_transfer
91136,1688,39.25,gift_card
91137,1689,77.29,bank_transfer
91138,1690,135.96,paypal
91139,1692,138.86,gift_card
91140,1693,179.77,credit_card
91141,1694,136.53,gift_card
91142,1695,90.18,gift_card
91143,1696,135.55,credit_card
91144,1697,202.68,gift_card
91145,1698,102.92,paypal
91146,1700,78.9,bank_transfer
91147,1701,223.7,credit_card
91148,1702,220.57,bank_transfer
91149,1703,13.4,paypal
91150,1704,84.45,bank_transfer
91151,1705,163.23,gift_card
91152,1706,13.53,bank_transfer
91153,1707,236.88,bank_transfer
91154,1708,128.83,gift_card
91155,1709,145.2,bank_transfer
91156,1710,185.8,paypal
91157,1711,70.73,paypal
91158,1716,166.62,gift_card
91159,1720,176.04,paypal
91160,1721,52.54,bank_transfer
91161,1722,80.13,gift_card
91162,1723,197.09,paypal
91163,1724,36.0,credit_card
91164,1725,25.9,bank_transfer
91165,1726,37.49,bank_transfer
91166,1727,69.46,paypal
91167,1729,75.32,credit_card
91168,1730,63.85,credit_card
91169,1731,65.39,paypal
91170,1733,118.03,gift_card
91171,1734,27.9,gift_card
91172,1735,170.31,paypal
91173,1737,127.43,paypal
91174,1738,63.11,paypal
91175,1739,80.87,paypal
91176,1742,110.25,gift_card
91177,1743,52.14,credit_card
91178,1745,224.18,credit_card
91179,1746,25.31,gift_card
91180,1749,139.35,gift_card
91181,1750,168.06,credit_card
91182,1751,121.82,bank_transfer
91183,1752,47.0,bank_transfer
91184,1753,30.26,bank_transfer
91185,1755,135.04,gift_card
91186,1756,169.07,credit_card
91187,1757,21.32,credit_card
91188,1758,104.77,bank_transfer
91189,1759,39.74,bank_transfer
91190,1760,138.24,credit_card
91191,1761,111.25,credit_card
91192,1763,197.28,gift_card
91193,1764,231.75,credit_card
91194,1765,46.83,bank_transfer
91195,1767,211.03,credit_card
91196,1768,216.35,credit_card
91197,1770,200.63,bank_transfer
91198,1772,103.68,bank_transfer
91199,1776,104.72,bank_transfer
91200,1777,71.17,bank_transfer
91201,1779,142.06,bank_transfer
91202,1780,145.61,credit_card
91203,1785,44.17,paypal
91204,1787,183.16,credit_card
91205,1788,187.13,gift_card
91206,1790,219.45,bank_transfer
91207,1791,158.06,paypal
91208,1793,53.66,credit_card
91209,1794,194.6,gift_card
91210,1795,180.86,gift_card
91211,1796,154.34,bank_transfer
91212,1798,14.66,credit_card
91213,1800,142.22,gift_card
91214,1801,99.94,paypal
91215,1804,137.31,gift_card
91216,1807,79.98,credit_card
91217,1808,22.1,bank_transfer
91218,1809,106.69,credit_card
91219,1810,133.54,credit_card
91220,1812,179.31,credit_card
91221,1813,55.53,gift_card
91222,1814,65.54,bank_transfer
91223,1815,113.41,gift_card
91224,1816,26.95,paypal
91225,1817,176.36,bank_transfer
91226,1818,25.72,gift_card
91227,1819,186.12,bank_transfer
91228,1820,65.12,credit_card
91229,1821,200.86,gift_card
91230,1823,59.9,credit_card
91231,1824,126.88,gift_card
91232,1825,102.64,gift_card
91233,1828,134.63,gift_card
91234,1830,41.27,bank_transfer
91235,1831,51.66,bank_transfer
91236,1835,215.95,paypal
91237,1836,184.38,credit_card
91238,1838,166.5,gift_card
91239,1839,204.82,bank_transfer
91240,1840,37.58,gift_card
91241,1842,145.94,paypal
91242,1843,32.42,gift_card
91243,1848,185.69,credit_card
91244,1850,27.44,credit_card
91245,1851,225.37,gift_card
91246,1853,171.84,bank_transfer
91247,1855,22.12,paypal
91248,1858,141.48,paypal
91249,1859,61.74,bank_transfer
91250,1861,216.05,credit_card
91251,1862,17.52,bank_transfer
91252,1863,197.97,gift_card
91253,1864,205.82,paypal
91254,1865,17.36,bank_transfer
91255,1868,50.35,bank_transfer
91256,1869,213.7,gift_card
91257,1870,129.75,bank_transfer
91258,1871,92.93,paypal
91259,1872,214.83,credit_card
91260,1874,92.2,paypal
91261,1878,85.86,gift_card
91262,1879,8.23,credit_card
91263,1880,130.76,paypal
91264,1881,189.78,paypal
91265,1883,175.51,gift_card
91266,1885,94.92,bank_transfer
91267,1886,78.69,bank_transfer
91268,1887,10.28,gift_card
91269,1888,172.01,gift_card
91270,1889,111.57,credit_card
91271,1890,227.24,paypal
91272,1892,116.44,gift_card
91273,1893,164.78,paypal
91274,1894,117.03,gift_card
91275,1895,214.24,bank_transfer
91276,1898,190.71,credit_card
91277,1899,138.71,gift_card
91278,1902,187.51,credit_card
91279,1903,162.97,paypal
91280,1904,131.11,paypal
91281,1906,16.66,credit_card
91282,1907,217.31,paypal
91283,1908,97.62,bank_transfer
91284,1909,158.11,paypal
91285,1912,68.73,paypal
91286,1913,46.31,gift_card
91287,1914,153.63,bank_transfer
91288,1915,92.75,paypal
91289,1916,156.54,gift_card
91290,1919,70.52,gift_card
91291,1924,38.33,bank_transfer
91292,1925,8.69,credit_card
91293,1927,82.94,paypal
91294,1928,187.2,paypal
91295,1929,17.97,credit_card
91296,1930,230.76,credit_card
91297,1931,16.74,gift_card
91298,1932,41.56,paypal
91299,1933,38.78,credit_card
91300,1935,210.4,paypal
91301,1936,182.5,paypal
91302,1937,38.68,gift_card
91303,1938,210.36,bank_transfer
91304,1942,30.17,bank_transfer
91305,1944,141.34,paypal
91306,1946,81.77,gift_card
91307,1947,111.72,bank_transfer
91308,1948,183.95,paypal
91309,1949,55.09,gift_card
91310,1950,212.37,paypal
91311,1951,142.16,paypal
91312,1952,79.0,paypal
91313,1953,122.73,gift_card
91314,1954,31.98,gift_card
91315,1955,136.69,credit_card
91316,1956,239.69,gift_card
91317,1957,98.31,gift_card
91318,1961,238.6,credit_card
91319,1962,110.24,paypal
91320,1963,223.0,gift_card
91321,1964,86.69,gift_card
91322,1965,11.84,gift_card
91323,1969,20.03,credit_card
91324,1970,188.53,gift_card
91325,1972,129.85,bank_transfer
91326,1973,120.69,paypal
91327,1975,36.47,paypal
91328,1976,125.18,paypal
91329,1982,127.63,paypal
91330,1984,178.72,paypal
91331,1986,200.02,bank_transfer
91332,1987,203.47,gift_card
91333,1988,213.08,paypal
91334,1989,44.36,paypal
91335,1990,86.46,paypal
91336,1991,101.58,credit_card
91337,1994,116.82,paypal
91338,1996,186.97,paypal
91339,1997,133.42,paypal
91340,1999,180.93,bank_transfer
91341,2000,180.3,paypal
91342,2001,87.59,bank_transfer
91343,2002,28.16,paypal
91344,2004,239.73,credit_card
91345,2005,145.51,gift_card
91346,2007,48.96,paypal
91347,2010,95.28,gift_card
91348,2011,26.03,bank_transfer
91349,2012,56.69,paypal
91350,2013,117.99,bank_transfer
91351,2014,108.24,paypal
91352,2015,194.82,gift_card
91353,2017,223.99,paypal
91354,2018,28.66,credit_card
91355,2019,175.74,paypal
91356,2020,182.29,credit_card
91357,2021,117.41,credit_card
91358,2022,151.27,gift_card
91359,2023,179.98,bank_transfer
91360,2024,75.84,credit_card
91361,2025,162.06,bank_transfer
91362,2026,71.5,bank_transfer
91363,2027,154.59,bank_transfer
91364,2029,170.84,paypal
91365,2037,196.77,gift_card
91366,2038,165.84,gift_card
91367,2039,176.19,paypal
91368,2041,40.02,credit_card
91369,2042,227.66,paypal
91370,2043,55.31,credit_card
91371,2047,105.45,bank_transfer
91372,2048,14.24,paypal
91373,2053,174.79,credit_card
91374,2054,196.21,gift_card
91375,2055,204.68,paypal
91376,2058,40.11,credit_card
91377,2059,200.24,credit_card
91378,2062,52.28,gift_card
91379,2063,200.15,credit_card
91380,2066,56.03,paypal
91381,2067,161.96,credit_card
91382,2068,55.94,gift_card
91383,2069,73.94,bank_transfer
91384,2071,40.46,credit_card
91385,2072,159.73,paypal
91386,2076,152.27,credit_card
91387,2077,217.42,credit_card
91388,2078,149.71,bank_transfer
91389,2081,186.58,paypal
91390,2082,35.01,paypal
91391,2083,79.67,credit_card
91392,2084,29.53,credit_card
91393,2085,164.77,bank_transfer
91394,2087,163.0,bank_transfer
91395,2089,165.34,paypal
91396,2090,123.57,bank_transfer
91397,2093,114.89,gift_card
91398,2094,140.28,credit_card
91399,2095,51.74,bank_transfer
91400,2096,201.17,paypal
91401,2097,102.8,paypal
91402,2099,102.41,credit_card
91403,2101,22.55,credit_card
91404,2103,42.56,bank_transfer
91405,2104,123.11,credit_card
91406,2105,100.95,paypal
91407,2106,204.32,credit_card
91408,2108,235.48,bank_transfer
91409,2109,200.22,gift_card
91410,2111,108.44,gift_card
91411,2113,220.88,paypal
91412,2114,70.29,credit_card
91413,2116,41.92,credit_card
91414,2118,36.39,credit_card
91415,2119,119.0,credit_card
91416,2120,196.87,gift_card
91417,2121,195.32,bank_transfer
91418,2122,90.44,bank_transfer
91419,2123,114.29,gift_card
91420,2125,37.14,gift_card
91421,2128,8.63,gift_card
91422,2130,222.76,paypal
91423,2131,27.99,gift_card
91424,2133,220.43,gift_card
91425,2135,131.35,bank_transfer
91426,2136,202.96,credit_card
91427,2137,150.15,gift_card
91428,2138,79.92,bank_transfer
91429,2139,151.64,gift_card
91430,2140,73.02,paypal
91431,2141,140.93,gift_card
91432,2147,191.4,gift_card
91433,2150,41.59,bank_transfer
91434,2152,154.07,bank_transfer
91435,2154,119.21,paypal
91436,2155,35.48,gift_card
91437,2156,90.47,paypal
91438,2157,138.55,bank_transfer
91439,2158,201.83,gift_card
91440,2160,91.76,paypal
91441,2161,198.01,credit_card
91442,2162,127.76,bank_transfer
91443,2163,227.44,paypal
91444,2164,81.74,credit_card
91445,2165,120.75,paypal
91446,2166,138.14,paypal
91447,2169,170.4,bank_transfer
91448,2170,135.39,credit_card
91449,2172,139.48,credit_card
91450,2173,88.3,gift_card
91451,2174,170.56,paypal
91452,2175,23.78,bank_transfer
91453,2177,56.67,gift_card
91454,2181,83.27,bank_transfer
91455,2182,56.55,bank_transfer
91456,2183,81.7,bank_transfer
91457,2184,99.33,bank_transfer
91458,2187,100.39,gift_card
91459,2188,204.82,gift_card
91460,2189,126.15,bank_transfer
91461,2191,17.25,credit_card
91462,2192,110.3,gift_card
91463,2195,65.34,paypal
91464,2196,90.67,credit_card
91465,2197,166.35,paypal
91466,2199,153.52,credit_card
91467,2200,64.79,credit_card
91468,2203,160.69,bank_transfer
91469,2204,228.98,credit_card
91470,2205,122.54,bank_transfer
91471,2206,99.11,paypal
91472,2207,196.69,credit_card
91473,2208,106.55,paypal
91474,2209,191.46,bank_transfer
91475,2210,206.72,gift_card
91476,2211,235.52,bank_transfer
91477,2212,68.58,bank_transfer
91478,2213,76.35,credit_card
91479,2215,205.37,paypal
91480,2216,129.26,bank_transfer
91481,2217,222.2,paypal
91482,2218,119.57,credit_card
91483,2220,91.44,paypal
91484,2221,162.54,gift_card
91485,2222,205.08,bank_transfer
91486,2223,172.76,paypal
91487,2224,143.47,credit_card
91488,2226,70.41,gift_card
91489,2227,237.21,paypal
91490,2230,222.92,paypal
91491,2233,231.13,gift_card
91492,2235,15.37,paypal
91493,2236,208.94,gift_card
91494,2238,169.12,bank_transfer
91495,2239,190.92,paypal
91496,2240,140.75,gift_card
91497,2241,190.13,credit_card
91498,2243,94.7,paypal
91499,2244,150.57,paypal
91500,2245,151.66,paypal
91501,2246,77.55,bank_transfer
91502,2247,189.97,credit_card
91503,2249,109.45,gift_card
91504,2250,101.95,paypal
91505,2251,57.87,bank_transfer
91506,2255,199.14,paypal
91507,2256,44.1,credit_card
91508,2258,116.03,bank_transfer
91509,2259,171.2,paypal
91510,2260,215.05,gift_card
91511,2263,144.53,gift_card
91512,2264,76.61,paypal
91513,2265,155.96,bank_transfer
91514,2266,212.61,gift_card
91515,2267,169.89,bank_transfer
91516,2269,25.47,bank_transfer
91517,2270,69.14,credit_card
91518,2271,135.19,paypal
91519,2272,230.59,bank_transfer
91520,2273,110.43,credit_card
91521,2274,127.26,paypal
91522,2275,213.29,credit_card
91523,2277,225.32,bank_transfer
91524,2278,146.57,paypal
91525,2279,186.49,paypal
91526,2280,73.74,bank_transfer
91527,2281,33.92,gift_card
91528,2282,197.45,bank_transfer
91529,2283,173.54,paypal
91530,2285,195.65,gift_card
91531,2286,127.04,gift_card
91532,2287,205.02,bank_transfer
91533,2288,48.11,credit_card
91534,2289,175.57,credit_card
91535,2290,224.83,credit_card
91536,2292,211.67,paypal
91537,2293,65.18,credit_card
91538,2297,106.76,credit_card
91539,2298,86.41,paypal
91540,2299,139.34,credit_card
91541,2300,116.24,gift_card
91542,2301,88.64,paypal
91543,2302,33.13,bank_transfer
91544,2303,69.47,credit_card
91545,2305,100.93,gift_card
91546,2306,232.09,paypal
91547,2307,46.81,gift_card
91548,2308,131.77,gift_card
91549,2310,92.28,gift_card
91550,2311,144.68,credit_card
91551,2314,141.41,credit_card
91552,2315,150.15,bank_transfer
91553,2316,209.95,credit_card
91554,2318,185.56,gift_card
91555,2319,188.69,paypal
91556,2320,39.27,bank_transfer
91557,2321,130.82,bank_transfer
91558,2322,237.4,bank_transfer
91559,2324,84.73,credit_card
91560,2325,132.13,credit_card
91561,2327,159.51,paypal
91562,2328,160.43,gift_card
91563,2329,151.97,gift_card
91564,2330,44.13,gift_card
91565,2331,148.55,credit_card
91566,2332,174.81,credit_card
91567,2335,194.03,bank_transfer
91568,2337,58.2,credit_card
91569,2338,85.84,bank_transfer
91570,2339,192.25,bank_transfer
91571,2341,56.72,gift_card
91572,2342,39.55,bank_transfer
91573,2344,102.79,gift_card
91574,2345,215.16,credit_card
91575,2348,81.55,credit_card
91576,2349,210.33,paypal
91577,2354,132.25,credit_card
91578,2355,146.85,gift_card
91579,2356,234.05,credit_card
91580,2357,26.17,paypal
91581,2358,9.7,gift_card
91582,2365,85.39,paypal
91583,2366,165.6,gift_card
91584,2368,181.46,credit_card
91585,2373,186.19,gift_card
91586,2374,134.24,bank_transfer
91587,2375,211.51,credit_card
91588,2376,110.48,gift_card
91589,2377,16.3,credit_card
91590,2379,203.69,paypal
91591,2380,69.07,paypal
91592,2382,179.7,credit_card
91593,2385,101.99,gift_card
91594,2386,142.89,paypal
91595,2387,27.03,bank_transfer
91596,2389,95.53,paypal
91597,2390,15.21,paypal
91598,2391,185.61,gift_card
91599,2392,154.88,credit_card
91600,2393,123.34,credit_card
91601,2394,181.86,paypal
91602,2395,146.5,bank_transfer
91603,2396,65.06,gift_card
91604,2397,171.65,gift_card
91605,2398,46.3,bank_transfer
91606,2400,21.0,credit_card
91607,2401,238.35,bank_transfer
91608,2402,86.6,gift_card
91609,2404,107.41,credit_card
91610,2406,74.0,gift_card
91611,2407,177.79,credit_card
91612,2408,53.71,paypal
91613,2409,95.62,bank_transfer
91614,2410,160.87,paypal
91615,2411,131.35,gift_card
91616,2412,35.64,gift_card
91617,2414,170.61,gift_card
91618,2415,53.71,credit_card
91619,2419,134.59,bank_transfer
91620,2420,231.6,paypal
91621,2421,10.69,credit_card
91622,2422,79.18,bank_transfer
91623,2423,185.52,bank_transfer
91624,2424,129.91,bank_transfer
91625,2425,197.55,paypal
91626,2426,124.71,paypal
91627,2428,149.76,credit_card
91628,2432,140.0,credit_card
91629,2433,37.78,paypal
91630,2434,133.24,paypal
91631,2435,66.75,paypal
91632,2437,159.13,credit_card
91633,2439,207.17,paypal
91634,2441,81.86,bank_transfer
91635,2442,128.51,bank_transfer
91636,2444,27.48,paypal
91637,2447,218.49,paypal
91638,2448,178.95,gift_card
91639,2449,178.27,credit_card
91640,2450,87.35,credit_card
91641,2451,133.74,paypal
91642,2452,65.51,bank_transfer
91643,2453,146.56,paypal
91644,2454,106.85,bank_transfer
91645,2455,180.61,gift_card
91646,2456,111.09,credit_card
91647,2457,28.23,credit_card
91648,2458,103.73,credit_card
91649,2459,80.77,gift_card
91650,2461,153.3,credit_card
91651,2462,114.03,credit_card
91652,2464,104.34,gift_card
91653,2465,55.39,paypal
91654,2466,39.58,bank_transfer
91655,2467,208.95,paypal
91656,2469,111.84,credit_card
91657,2470,169.69,paypal
91658,2471,84.62,bank_transfer
91659,2472,236.66,bank_transfer
91660,2474,89.23,bank_transfer
91661,2476,220.85,paypal
91662,2478,209.15,bank_transfer
91663,2479,116.9,paypal
91664,2480,53.17,paypal
91665,2481,11.14,paypal
91666,2482,167.47,bank_transfer
91667,2483,77.84,bank_transfer
91668,2484,125.44,paypal
91669,2485,54.04,gift_card
91670,2486,82.61,bank_transfer
91671,2488,79.65,paypal
91672,2489,68.22,credit_card
91673,2494,39.62,bank_transfer
91674,2499,118.5,credit_card
91675,2501,27.02,paypal
91676,2502,74.99,bank_transfer
91677,2503,211.19,credit_card
91678,2504,32.16,paypal
91679,2505,138.46,credit_card
91680,2508,227.53,bank_transfer
91681,2509,219.81,gift_card
91682,2511,142.59,bank_transfer
91683,2512,110.01,credit_card
91684,2514,165.89,paypal
91685,2516,32.7,paypal
91686,2517,75.5,paypal
91687,2518,20.24,credit_card
91688,2519,30.12,gift_card
91689,2520,44.6,bank_transfer
91690,2521,61.62,paypal
91691,2522,216.54,credit_card
91692,2523,8.61,paypal
91693,2524,226.03,bank_transfer
91694,2525,222.28,paypal
91695,2526,216.77,gift_card
91696,2527,142.63,bank_transfer
91697,2530,83.91,credit_card
91698,2531,126.26,gift_card
91699,2532,216.99,credit_card
91700,2536,144.8,gift_card
91701,2537,209.52,bank_transfer
91702,2538,186.51,credit_card
91703,2539,79.4,paypal
91704,2541,37.1,paypal
91705,2542,183.51,bank_transfer
91706,2546,124.67,gift_card
91707,2547,207.86,gift_card
91708,2548,105.71,credit_card
91709,2550,124.48,gift_card
91710,2551,209.4,bank_transfer
91711,2552,38.56,gift_card
91712,2553,147.52,paypal
91713,2557,216.29,paypal
91714,2559,133.16,credit_card
91715,2560,128.67,credit_card
91716,2561,17.07,gift_card
91717,2562,10.52,paypal
91718,2566,80.6,bank_transfer
91719,2567,85.88,paypal
91720,2569,191.51,paypal
91721,2570,20.02,paypal
91722,2572,196.97,credit_card
91723,2574,213.43,bank_transfer
91724,2575,18.9,credit_card
91725,2576,156.63,paypal
91726,2577,75.15,paypal
91727,2578,107.64,credit_card
91728,2579,214.56,gift_card
91729,2580,94.03,bank_transfer
91730,2582,51.73,credit_card
91731,2583,11.21,paypal
91732,2586,54.82,credit_card
91733,2588,190.39,gift_card
91734,2589,60.09,gift_card
91735,2590,153.9,gift_card
91736,2591,198.51,paypal
91737,2592,205.5,credit_card
91738,2593,64.57,paypal
91739,2595,186.0,bank_transfer
91740,2597,115.55,paypal
91741,2598,69.01,gift_card
91742,2599,49.94,paypal
91743,2600,36.19,gift_card
91744,2601,201.0,paypal
91745,2602,222.16,paypal
91746,2603,196.92,bank_transfer
91747,2604,52.72,credit_card
91748,2605,98.71,bank_transfer
91749,2606,153.54,paypal
91750,2608,150.92,gift_card
91751,2609,127.45,paypal
91752,2611,225.61,bank_transfer
91753,2612,170.35,gift_card
91754,2614,146.74,paypal
91755,2615,32.22,credit_card
91756,2618,162.27,gift_card
91757,2619,15.14,bank_transfer
91758,2624,110.81,paypal
91759,2625,155.71,bank_transfer
91760,2626,235.44,bank_transfer
91761,2627,193.04,paypal
91762,2628,72.37,paypal
91763,2629,90.67,gift_card
91764,2630,27.29,credit_card
91765,2631,218.55,credit_card
91766,2633,108.86,gift_card
91767,2634,78.04,credit_card
91768,2635,173.76,bank_transfer
91769,2636,116.54,credit_card
91770,2638,214.3,bank_transfer
91771,2639,117.22,credit_card
91772,2640,219.58,credit_card
91773,2641,104.87,gift_card
91774,2642,175.99,credit_card
91775,2644,55.89,bank_transfer
91776,2646,23.77,paypal
91777,2647,188.67,gift_card
91778,2648,100.83,gift_card
91779,2649,168.42,gift_card
91780,2651,52.69,credit_card
91781,2652,186.53,bank_transfer
91782,2654,220.07,credit_card
91783,2656,178.07,paypal
91784,2658,171.64,paypal
91785,2659,19.19,credit_card
91786,2660,213.79,bank_transfer
91787,2661,15.47,bank_transfer
91788,2662,33.63,gift_card
91789,2663,108.75,gift_card
91790,2664,53.37,credit_card
91791,2665,170.03,bank_transfer
91792,2666,205.41,gift_card
91793,2669,186.77,credit_card
91794,2670,39.62,credit_card
91795,2672,9.64,gift_card
91796,2675,119.73,paypal
91797,2676,105.37,gift_card
91798,2677,187.96,credit_card
91799,2678,137.24,credit_card
91800,2679,28.9,credit_card
91801,2681,190.96,paypal
91802,2683,114.16,paypal
91803,2685,207.01,paypal
91804,2687,200.34,gift_card
91805,2688,239.28,bank_transfer
91806,2689,31.36,bank_transfer
91807,2690,92.12,credit_card
91808,2691,151.09,paypal
91809,2692,222.81,paypal
91810,2693,42.51,paypal
91811,2694,110.95,paypal
91812,2697,38.03,bank_transfer
91813,2698,43.63,bank_transfer
91814,2699,102.09,gift_card
91815,2700,233.29,bank_transfer
91816,2701,28.67,gift_card
91817,2702,74.92,paypal
91818,2703,71.36,paypal
91819,2704,131.86,paypal
91820,2705,197.17,bank_transfer
91821,2706,83.48,paypal
91822,2707,197.4,gift_card
91823,2708,178.47,gift_card
91824,2709,233.89,bank_transfer
91825,2711,61.13,gift_card
91826,2714,122.65,bank_transfer
91827,2716,232.04,paypal
91828,2717,144.57,bank_transfer
91829,2718,139.91,paypal
91830,2719,28.69,bank_transfer
91831,2720,129.51,credit_card
91832,2722,59.31,gift_card
91833,2724,95.65,gift_card
91834,2725,17.37,credit_card
91835,2726,64.53,gift_card
91836,2727,232.09,credit_card
91837,2728,104.85,credit_card
91838,2729,227.35,gift_card
91839,2731,34.68,credit_card
91840,2732,42.81,bank_transfer
91841,2735,215.85,gift_card
91842,2736,60.85,paypal
91843,2737,19.3,bank_transfer
91844,2738,109.63,credit_card
91845,2739,164.26,credit_card
91846,2740,22.26,gift_card
91847,2742,127.01,credit_card
91848,2743,53.4,paypal
91849,2744,40.13,bank_transfer
91850,2746,149.97,gift_card
91851,2747,86.95,bank_transfer
91852,2749,149.89,paypal
91853,2750,88.71,gift_card
91854,2751,92.04,paypal
91855,2752,58.3,bank_transfer
91856,2753,62.77,bank_transfer
91857,2754,12.07,credit_card
91858,2755,215.96,credit_card
91859,2756,164.57,bank_transfer
91860,2757,24.24,paypal
91861,2759,220.08,gift_card
91862,2760,206.21,gift_card
91863,2762,16.31,credit_card
91864,2763,73.91,gift_card
91865,2766,161.66,credit_card
91866,2768,174.8,credit_card
91867,2769,155.25,bank_transfer
91868,2770,172.13,paypal
91869,2772,77.04,gift_card
91870,2773,195.19,bank_transfer
91871,2775,223.25,bank_transfer
91872,2779,38.87,bank_transfer
91873,2780,69.33,paypal
91874,2781,34.04,credit_card
91875,2782,203.08,bank_transfer
91876,2783,52.4,paypal
91877,2785,86.44,gift_card
91878,2786,124.6,credit_card
91879,2787,194.81,credit_card
91880,2788,197.63,paypal
91881,2789,235.33,bank_transfer
91882,2790,78.33,bank_transfer
91883,2791,40.89,paypal
91884,2792,204.19,bank_transfer
91885,2793,145.76,gift_card
91886,2794,105.12,credit_card
91887,2795,29.95,bank_transfer
91888,2797,88.89,bank_transfer
91889,2798,84.23,credit_card
91890,2799,142.82,gift_card
91891,2800,120.65,bank_transfer
91892,2801,24.73,paypal
91893,2806,71.56,paypal
91894,2807,70.49,paypal
91895,2808,165.99,bank_transfer
91896,2809,129.95,bank_transfer
91897,2810,51.61,bank_transfer
91898,2811,79.3,bank_transfer
91899,2813,169.17,paypal
91900,2817,104.05,bank_transfer
91901,2818,96.71,paypal
91902,2819,47.13,bank_transfer
91903,2820,65.82,bank_transfer
91904,2821,73.68,bank_transfer
91905,2822,48.2,paypal
91906,2824,150.38,credit_card
91907,2826,77.05,gift_card
91908,2827,104.08,credit_card
91909,2828,212.47,credit_card
91910,2831,129.71,credit_card
91911,2832,120.38,gift_card
91912,2834,28.82,paypal
91913,2835,224.28,gift_card
91914,2836,22.46,gift_card
91915,2837,138.74,bank_transfer
91916,2838,120.53,bank_transfer
91917,2839,43.29,bank_transfer
91918,2840,41.25,paypal
91919,2842,71.96,credit_card
91920,2843,88.58,paypal
91921,2844,127.3,bank_transfer
91922,2846,87.76,paypal
91923,2849,54.46,credit_card
91924,2850,128.49,paypal
91925,2852,47.13,paypal
91926,2854,210.57,credit_card
91927,2859,181.11,gift_card
91928,2860,126.14,credit_card
91929,2862,186.49,credit_card
91930,2863,99.86,bank_transfer
91931,2864,18.13,bank_transfer
91932,2865,220.71,credit_card
91933,2867,193.83,gift_card
91934,2868,124.16,credit_card
91935,2869,73.13,credit_card
91936,2870,181.93,paypal
91937,2871,63.91,bank_transfer
91938,2873,151.57,bank_transfer
91939,2875,59.03,gift_card
91940,2876,225.76,bank_transfer
91941,2877,154.74,credit_card
91942,2878,84.46,gift_card
91943,2879,193.25,credit_card
91944,2880,48.08,gift_card
91945,2881,104.2,paypal
91946,2882,138.38,credit_card
91947,2884,96.96,paypal
91948,2885,111.13,paypal
91949,2886,168.41,credit_card
91950,2888,206.65,bank_transfer
91951,2890,212.68,bank_transfer
91952,2891,227.28,paypal
91953,2892,108.9,bank_transfer
91954,2893,52.51,paypal
91955,2894,196.02,paypal
91956,2896,37.06,bank_transfer
91957,2897,136.5,gift_card
91958,2899,123.72,gift_card
91959,2900,111.37,bank_transfer
91960,2901,23.41,paypal
91961,2902,136.82,bank_transfer
91962,2903,129.28,gift_card
91963,2905,123.44,bank_transfer
91964,2906,174.88,credit_card
91965,2907,156.12,credit_card
91966,2910,132.05,gift_card
91967,2911,69.72,credit_card
91968,2912,40.25,paypal
91969,2913,211.64,bank_transfer
91970,2915,108.41,credit_card
91971,2917,141.72,paypal
91972,2918,187.57,gift_card
91973,2919,225.0,paypal
91974,2922,16.37,credit_card
91975,2923,109.25,credit_card
91976,2924,159.45,bank_transfer
91977,2925,153.05,credit_card
91978,2926,149.83,credit_card
91979,2927,40.54,paypal
91980,2928,207.97,paypal
91981,2931,144.81,credit_card
91982,2932,141.38,bank_transfer
91983,2933,124.39,credit_card
91984,2934,227.43,gift_card
91985,2936,99.56,gift_card
91986,2938,196.99,credit_card
91987,2940,88.5,paypal
91988,2941,121.38,credit_card
91989,2942,73.14,credit_card
91990,2943,8.69,paypal
91991,2945,196.89,gift_card
91992,2946,209.33,gift_card
91993,2947,220.02,credit_card
91994,2948,172.7,gift_card
91995,2949,50.69,bank_transfer
91996,2954,39.28,bank_transfer
91997,2955,213.71,bank_transfer
91998,2956,13.48,bank_transfer
91999,2957,94.74,paypal
92000,2958,107.04,gift_card
92001,2961,99.94,paypal
92002,2962,12.31,credit_card
92003,2963,227.06,paypal
92004,2965,162.33,bank_transfer
92005,2967,85.88,bank_transfer
92006,2968,229.52,bank_transfer
92007,2969,138.46,gift_card
92008,2972,125.82,bank_transfer
92009,2975,105.89,bank_transfer
92010,2976,153.85,credit_card
92011,2978,25.17,bank_transfer
92012,2979,229.84,credit_card
92013,2980,45.92,bank_transfer
92014,2981,157.86,gift_card
92015,2982,165.41,paypal
92016,2983,218.47,gift_card
92017,2984,232.0,bank_transfer
92018,2986,21.71,bank_transfer
92019,2987,202.15,credit_card
92020,2989,133.04,credit_card
92021,2990,112.05,bank_transfer
92022,2991,238.8,bank_transfer
92023,2992,181.19,gift_card
92024,2993,130.07,credit_card
92025,2995,150.87,bank_transfer
92026,2996,134.72,bank_transfer
92027,2998,180.59,paypal
92028,2999,67.01,credit_card
92029,3000,82.4,bank_transfer
92030,3003,147.79,bank_transfer
92031,3004,20.62,paypal
92032,3006,111.38,gift_card
92033,3007,87.38,paypal
92034,3009,137.16,gift_card
92035,3011,139.14,bank_transfer
92036,3012,154.62,bank_transfer
92037,3014,204.98,paypal
92038,3015,228.85,gift_card
92039,3016,114.97,gift_card
92040,3018,102.3,credit_card
92041,3020,149.15,bank_transfer
92042,3021,232.83,bank_transfer
92043,3022,161.83,paypal
92044,3024,65.05,bank_transfer
92045,3025,70.49,paypal
92046,3026,137.73,gift_card
92047,3028,124.63,credit_card
92048,3029,36.78,credit_card
92049,3031,31.68,gift_card
92050,3032,23.47,credit_card
92051,3033,213.4,credit_card
92052,3036,216.62,credit_card
92053,3037,14.88,gift_card
92054,3038,59.17,gift_card
92055,3041,203.13,credit_card
92056,3042,72.55,credit_card
92057,3043,143.69,credit_card
92058,3045,176.66,gift_card
92059,3048,232.82,bank_transfer
92060,3052,178.58,bank_transfer
92061,3058,57.92,gift_card
92062,3059,231.04,credit_card
92063,3061,148.44,gift_card
92064,3062,53.49,bank_transfer
92065,3063,203.68,credit_card
92066,3066,173.71,gift_card
92067,3067,189.72,bank_transfer
92068,3068,236.05,credit_card
92069,3074,51.25,bank_transfer
92070,3075,201.68,paypal
92071,3076,196.53,paypal
92072,3077,172.07,gift_card
92073,3078,185.63,bank_transfer
92074,3079,128.7,paypal
92075,3080,196.73,paypal
92076,3084,82.89,gift_card
92077,3086,203.34,bank_transfer
92078,3087,88.13,gift_card
92079,3088,129.95,credit_card
92080,3089,226.26,bank_transfer
92081,3091,140.04,bank_transfer
92082,3092,42.31,paypal
92083,3093,91.51,gift_card
92084,3094,225.05,paypal
92085,3096,212.47,gift_card
92086,3100,64.68,gift_card
92087,3101,60.96,gift_card
92088,3103,95.98,paypal
92089,3104,47.09,gift_card
92090,3105,159.11,credit_card
92091,3106,32.8,gift_card
92092,3107,100.54,bank_transfer
92093,3108,233.55,paypal
92094,3110,210.24,gift_card
92095,3112,181.09,paypal
92096,3113,162.7,gift_card
92097,3114,157.44,credit_card
92098,3115,225.25,credit_card
92099,3118,146.28,paypal
92100,3120,56.66,gift_card
92101,3121,20.18,bank_transfer
92102,3122,58.76,paypal
92103,3123,230.13,bank_transfer
92104,3125,201.75,bank_transfer
92105,3127,145.56,paypal
92106,3128,239.36,gift_card
92107,3129,131.74,paypal
92108,3130,26.64,paypal
92109,3133,59.32,gift_card
92110,3134,135.86,gift_card
92111,3136,224.95,bank_transfer
92112,3137,146.86,gift_card
92113,3139,134.44,bank_transfer
92114,3140,65.86,gift_card
92115,3141,121.32,paypal
92116,3142,24.17,bank_transfer
92117,3144,12.04,paypal
92118,3146,190.48,paypal
92119,3147,120.5,credit_card
92120,3148,100.07,credit_card
92121,3149,168.58,credit_card
92122,3150,60.14,credit_card
92123,3151,74.82,bank_transfer
92124,3154,233.35,gift_card
92125,3155,170.93,gift_card
92126,3156,42.62,paypal
92127,3157,205.75,bank_transfer
92128,3158,74.16,paypal
92129,3159,33.53,credit_card
92130,3160,201.15,gift_card
92131,3161,203.66,paypal
92132,3162,134.06,gift_card
92133,3165,127.26,paypal
92134,3167,210.33,bank_transfer
92135,3168,122.6,paypal
92136,3169,191.84,gift_card
92137,3171,15.9,gift_card
92138,3172,153.8,bank_transfer
92139,3173,48.7,bank_transfer
92140,3174,171.9,credit_card
92141,3175,176.98,paypal
92142,3176,145.09,credit_card
92143,3177,98.42,gift_card
92144,3180,173.02,paypal
92145,3181,201.56,paypal
92146,3183,209.94,credit_card
92147,3185,55.88,gift_card
92148,3186,108.16,paypal
92149,3187,211.05,gift_card
92150,3190,174.71,gift_card
92151,3191,156.61,gift_card
92152,3195,40.22,bank_transfer
92153,3197,170.38,credit_card
92154,3198,52.54,bank_transfer
92155,3199,212.34,paypal
92156,3200,48.0,bank_transfer
92157,3201,184.54,paypal
92158,3202,187.24,credit_card
92159,3204,88.94,paypal
92160,3205,75.69,bank_transfer
92161,3207,209.76,gift_card
92162,3208,66.42,paypal
92163,3209,39.02,paypal
92164,3211,108.87,paypal
92165,3212,200.78,gift_card
92166,3213,162.58,paypal
92167,3214,90.32,gift_card
92168,3215,137.45,gift_card
92169,3216,46.05,paypal
92170,3217,166.46,bank_transfer
92171,3219,153.39,gift_card
92172,3220,235.63,credit_card
92173,3221,17.91,paypal
92174,3222,56.58,bank_transfer
92175,3224,222.49,gift_card
92176,3225,96.11,credit_card
92177,3226,47.98,bank_transfer
92178,3229,30.42,gift_card
92179,3230,117.52,gift_card
92180,3232,78.51,gift_card
92181,3233,162.55,bank_transfer
92182,3234,239.97,gift_card
92183,3235,35.36,paypal
92184,3236,229.93,gift_card
92185,3238,48.58,credit_card
92186,3240,60.16,paypal
92187,3242,231.1,credit_card
92188,3243,58.14,paypal
92189,3244,102.3,paypal
92190,3245,22.95,paypal
92191,3247,165.87,bank_transfer
92192,3249,29.19,paypal
92193,3250,108.76,gift_card
92194,3251,126.62,bank_transfer
92195,3252,197.19,paypal
92196,3254,63.14,paypal
92197,3255,230.02,credit_card
92198,3257,185.74,bank_transfer
92199,3258,78.62,paypal
92200,3259,168.04,bank_transfer
92201,3260,155.87,paypal
92202,3261,172.08,gift_card
92203,3262,127.47,bank_transfer
92204,3263,223.01,gift_card
92205,3264,83.61,gift_card
92206,3265,12.15,bank_transfer
92207,3267,66.26,credit_card
92208,3268,215.95,bank_transfer
92209,3270,149.2,paypal
92210,3274,96.39,gift_card
92211,3275,225.06,gift_card
92212,3277,154.09,paypal
92213,3278,15.55,credit_card
92214,3279,124.61,credit_card
92215,3280,173.34,paypal
92216,3281,60.02,paypal
92217,3282,145.52,credit_card
92218,3283,210.05,gift_card
92219,3285,211.74,paypal
92220,3287,92.73,credit_card
92221,3288,164.88,credit_card
92222,3290,58.29,bank_transfer
92223,3291,16.05,credit_card
92224,3292,38.99,paypal
92225,3293,200.57,bank_transfer
92226,3294,18.19,bank_transfer
92227,3295,163.67,paypal
92228,3296,95.23,bank_transfer
92229,3297,12.33,paypal
92230,3298,90.48,credit_card
92231,3299,162.06,gift_card
92232,3300,174.32,bank_transfer
92233,3301,159.52,bank_transfer
92234,3302,236.58,gift_card
92235,3304,139.84,gift_card
92236,3305,53.87,gift_card
92237,3306,96.88,bank_transfer
92238,3307,199.93,gift_card
92239,3309,197.93,paypal
92240,3310,130.76,bank_transfer
92241,3312,152.2,bank_transfer
92242,3314,175.87,credit_card
92243,3315,28.24,bank_transfer
92244,3316,177.75,gift_card
92245,3317,56.76,bank_transfer
92246,3318,155.96,bank_transfer
92247,3319,90.32,bank_transfer
92248,3320,70.51,credit_card
92249,3321,116.91,bank_transfer
92250,3322,9.65,paypal
92251,3323,34.44,gift_card
92252,3324,126.79,paypal
92253,3325,236.04,credit_card
92254,3326,195.71,credit_card
92255,3327,227.57,paypal
92256,3328,44.94,paypal
92257,3329,45.59,paypal
92258,3330,166.83,paypal
92259,3331,178.96,paypal
92260,3332,211.54,bank_transfer
92261,3336,30.42,credit_card
92262,3340,144.01,bank_transfer
92263,3341,168.06,paypal
92264,3343,189.12,paypal
92265,3345,123.41,credit_card
92266,3346,236.22,paypal
92267,3347,25.37,credit_card
92268,3351,37.48,credit_card
92269,3353,116.7,bank_transfer
92270,3355,222.92,credit_card
92271,3358,221.11,bank_transfer
92272,3359,174.24,gift_card
92273,3360,105.35,bank_transfer
92274,3361,10.12,gift_card
92275,3362,238.11,paypal
92276,3366,42.27,bank_transfer
92277,3367,11.91,bank_transfer
92278,3368,228.71,credit_card
92279,3371,97.2,credit_card
92280,3372,208.41,credit_card
92281,3373,92.59,bank_transfer
92282,3374,31.06,paypal
92283,3375,87.32,bank_transfer
92284,3376,92.16,credit_card
92285,3378,204.55,credit_card
92286,3380,115.61,credit_card
92287,3382,86.93,paypal
92288,3383,120.71,paypal
92289,3385,50.26,credit_card
92290,3386,62.41,bank_transfer
92291,3387,233.43,credit_card
92292,3388,212.3,gift_card
92293,3389,42.13,gift_card
92294,3390,74.08,credit_card
92295,3391,106.78,gift_card
92296,3392,171.15,gift_card
92297,3393,205.32,bank_transfer
92298,3395,14.08,credit_card
92299,3396,80.53,gift_card
92300,3397,93.76,credit_card
92301,3399,156.13,gift_card
92302,3402,8.57,credit_card
92303,3404,178.77,bank_transfer
92304,3406,153.06,gift_card
92305,3407,135.79,bank_transfer
92306,3409,59.94,credit_card
92307,3410,68.18,credit_card
92308,3411,199.24,paypal
92309,3412,224.5,bank_transfer
92310,3413,41.8,paypal
92311,3414,175.93,bank_transfer
92312,3417,52.68,credit_card
92313,3418,82.93,paypal
92314,3419,61.48,bank_transfer
92315,3422,170.55,bank_transfer
92316,3423,106.69,paypal
92317,3424,91.43,paypal
92318,3425,233.22,paypal
92319,3426,63.61,bank_transfer
92320,3430,112.52,credit_card
92321,3432,56.57,paypal
92322,3436,54.77,credit_card
92323,3437,105.38,bank_transfer
92324,3438,138.03,credit_card
92325,3439,201.98,gift_card
92326,3440,114.78,paypal
92327,3441,68.85,bank_transfer
92328,3442,207.38,credit_card
92329,3444,94.88,credit_card
92330,3445,214.36,gift_card
92331,3446,188.56,paypal
92332,3447,173.93,bank_transfer
92333,3448,8.03,paypal
92334,3449,132.59,paypal
92335,3451,35.94,gift_card
92336,3452,119.69,gift_card
92337,3453,234.15,bank_transfer
92338,3454,215.88,bank_transfer
92339,3455,226.92,credit_card
92340,3457,29.51,bank_transfer
92341,3458,138.28,credit_card
92342,3461,214.94,gift_card
92343,3463,19.29,paypal
92344,3464,67.23,bank_transfer
92345,3465,180.43,bank_transfer
92346,3466,213.21,gift_card
92347,3467,92.26,paypal
92348,3468,201.89,paypal
92349,3469,227.28,paypal
92350,3470,49.76,credit_card
92351,3471,107.37,credit_card
92352,3472,94.38,bank_transfer
92353,3475,171.99,gift_card
92354,3477,129.59,credit_card
92355,3478,202.64,paypal
92356,3481,194.38,credit_card
92357,3485,71.86,bank_transfer
92358,3486,159.3,paypal
92359,3489,152.42,paypal
92360,3490,141.7,bank_transfer
92361,3494,202.55,gift_card
92362,3497,32.32,credit_card
92363,3499,146.55,paypal
92364,3500,113.61,paypal
92365,3501,231.44,credit_card
92366,3502,227.56,gift_card
92367,3507,31.96,bank_transfer
92368,3508,67.44,credit_card
92369,3510,233.2,gift_card
92370,3513,94.4,bank_transfer
92371,3514,208.3,credit_card
92372,3516,56.45,credit_card
92373,3517,51.32,gift_card
92374,3518,56.1,credit_card
92375,3519,128.09,bank_transfer
92376,3520,216.82,paypal
92377,3522,33.77,bank_transfer
92378,3523,144.76,credit_card
92379,3526,235.89,gift_card
92380,3527,76.24,paypal
92381,3528,50.19,credit_card
92382,3530,202.27,bank_transfer
92383,3532,222.45,bank_transfer
92384,3533,44.83,gift_card
92385,3534,22.68,bank_transfer
92386,3535,142.57,gift_card
92387,3536,111.07,gift_card
92388,3538,234.18,credit_card
92389,3541,213.46,gift_card
92390,3542,69.01,gift_card
92391,3543,123.67,credit_card
92392,3547,130.63,paypal
92393,3548,69.64,bank_transfer
92394,3550,186.68,paypal
92395,3551,9.94,credit_card
92396,3553,12.44,gift_card
92397,3556,138.87,bank_transfer
92398,3557,8.82,paypal
92399,3558,186.43,credit_card
92400,3559,238.01,paypal
92401,3560,114.79,credit_card
92402,3561,202.12,bank_transfer
92403,3563,107.82,bank_transfer
92404,3564,113.4,gift_card
92405,3565,82.21,paypal
92406,3566,217.29,paypal
92407,3567,8.91,gift_card
92408,3568,85.01,bank_transfer
92409,3569,178.3,gift_card
92410,3571,125.37,credit_card
92411,3574,130.12,gift_card
92412,3575,84.7,paypal
92413,3576,117.32,paypal
92414,3578,43.82,credit_card
92415,3579,130.29,credit_card
92416,3582,60.11,gift_card
92417,3584,26.98,gift_card
92418,3585,90.94,gift_card
92419,3586,53.53,credit_card
92420,3590,203.34,gift_card
92421,3591,57.27,credit_card
92422,3592,21.02,gift_card
92423,3595,35.7,bank_transfer
92424,3597,216.27,paypal
92425,3598,108.22,paypal
92426,3599,55.12,paypal
92427,3600,160.02,gift_card
92428,3601,228.36,gift_card
92429,3602,222.02,gift_card
92430,3603,139.89,bank_transfer
92431,3604,34.34,credit_card
92432,3605,190.68,gift_card
92433,3606,102.3,paypal
92434,3607,110.35,credit_card
92435,3608,69.68,credit_card
92436,3611,110.14,bank_transfer
92437,3612,14.06,gift_card
92438,3613,130.07,gift_card
92439,3614,209.6,credit_card
92440,3615,64.26,bank_transfer
92441,3616,177.85,paypal
92442,3617,15.53,gift_card
92443,3620,206.75,paypal
92444,3621,20.04,credit_card
92445,3622,55.84,paypal
92446,3625,185.91,bank_transfer
92447,3626,209.34,paypal
92448,3627,223.07,paypal
92449,3628,16.36,credit_card
92450,3629,125.26,paypal
92451,3630,160.83,credit_card
92452,3631,126.39,credit_card
92453,3633,14.93,paypal
92454,3634,44.26,credit_card
92455,3635,179.44,credit_card
92456,3636,151.23,paypal
92457,3637,57.53,credit_card
92458,3638,50.06,credit_card
92459,3639,155.93,paypal
92460,3640,220.42,paypal
92461,3641,197.52,bank_transfer
92462,3643,52.56,credit_card
92463,3645,160.64,credit_card
92464,3646,222.94,gift_card
92465,3648,167.19,credit_card
92466,3651,186.58,paypal
92467,3653,176.43,paypal
92468,3654,12.25,credit_card
92469,3655,179.51,gift_card
92470,3657,17.5,bank_transfer
92471,3658,129.34,paypal
92472,3659,194.42,paypal
92473,3660,33.8,paypal
92474,3662,111.87,gift_card
92475,3663,63.92,credit_card
92476,3664,64.07,bank_transfer
92477,3665,26.14,paypal
92478,3666,221.11,credit_card
92479,3667,21.41,bank_transfer
92480,3668,78.15,paypal
92481,3671,215.69,credit_card
92482,3672,230.05,credit_card
92483,3674,61.29,gift_card
92484,3675,166.43,paypal
92485,3676,14.55,gift_card
92486,3677,68.75,gift_card
92487,3678,118.19,paypal
92488,3679,121.06,gift_card
92489,3680,227.88,paypal
92490,3681,55.51,credit_card
92491,3683,56.27,bank_transfer
92492,3685,189.33,bank_transfer
92493,3687,27.24,gift_card
92494,3688,8.36,gift_card
92495,3689,226.8,paypal
92496,3690,108.26,paypal
92497,3691,18.96,gift_card
92498,3693,16.03,gift_card
92499,3695,154.96,paypal
92500,3696,150.32,gift_card
92501,3697,78.18,bank_transfer
92502,3698,80.36,credit_card
92503,3702,154.72,gift_card
92504,3706,203.82,credit_card
92505,3708,26.94,paypal
92506,3709,92.98,paypal
92507,3710,33.58,credit_card
92508,3711,53.76,gift_card
92509,3713,11.15,bank_transfer
92510,3714,237.52,gift_card
92511,3715,219.17,bank_transfer
92512,3718,14.21,bank_transfer
92513,3719,152.86,credit_card
92514,3720,17.2,gift_card
92515,3722,14.5,bank_transfer
92516,3724,129.2,gift_card
92517,3725,206.83,credit_card
92518,3726,54.64,bank_transfer
92519,3729,139.17,credit_card
92520,3731,229.94,paypal
92521,3733,204.15,bank_transfer
92522,3734,210.5,paypal
92523,3735,205.59,gift_card
92524,3736,153.14,gift_card
92525,3737,40.69,bank_transfer
92526,3739,149.51,bank_transfer
92527,3740,233.25,paypal
92528,3741,45.3,bank_transfer
92529,3742,114.03,credit_card
92530,3743,180.73,gift_card
92531,3744,149.81,credit_card
92532,3745,109.97,bank_transfer
92533,3746,90.91,bank_transfer
92534,3747,157.15,gift_card
92535,3748,19.77,gift_card
92536,3749,86.91,paypal
92537,3750,155.11,paypal
92538,3751,230.32,paypal
92539,3754,196.78,bank_transfer
92540,3755,213.98,gift_card
92541,3757,114.18,credit_card
92542,3758,19.82,gift_card
92543,3759,124.93,credit_card
92544,3761,121.47,bank_transfer
92545,3762,129.2,bank_transfer
92546,3764,215.71,bank_transfer
92547,3765,68.63,paypal
92548,3766,217.71,paypal
92549,3767,122.71,bank_transfer
92550,3769,208.74,credit_card
92551,3770,50.01,paypal
92552,3771,149.59,gift_card
92553,3772,55.12,gift_card
92554,3775,110.04,paypal
92555,3776,46.11,bank_transfer
92556,3777,206.18,gift_card
92557,3778,165.57,gift_card
92558,3779,156.16,paypal
92559,3780,59.01,paypal
92560,3782,105.41,gift_card
92561,3784,163.58,paypal
92562,3785,80.78,paypal
92563,3787,218.93,paypal
92564,3788,22.94,credit_card
92565,3790,119.89,paypal
92566,3793,50.05,paypal
92567,3794,82.43,credit_card
92568,3796,105.92,credit_card
92569,3798,215.69,gift_card
92570,3799,146.2,bank_transfer
92571,3800,158.52,paypal
92572,3801,208.92,bank_transfer
92573,3803,113.53,credit_card
92574,3804,199.75,credit_card
92575,3805,146.5,credit_card
92576,3806,142.48,bank_transfer
92577,3807,118.1,gift_card
92578,3808,222.9,gift_card
92579,3810,226.03,bank_transfer
92580,3812,211.07,gift_card
92581,3813,142.33,paypal
92582,3814,73.8,gift_card
92583,3815,23.22,bank_transfer
92584,3816,181.48,bank_transfer
92585,3817,90.18,bank_transfer
92586,3818,18.11,gift_card
92587,3819,53.26,bank_transfer
92588,3822,36.9,bank_transfer
92589,3823,25.48,gift_card
92590,3824,110.04,credit_card
92591,3826,99.73,bank_transfer
92592,3827,142.21,bank_transfer
92593,3828,23.16,gift_card
92594,3829,120.25,bank_transfer
92595,3830,60.27,bank_transfer
92596,3834,227.35,credit_card
92597,3835,230.69,credit_card
92598,3836,66.47,bank_transfer
92599,3838,214.02,credit_card
92600,3839,195.4,credit_card
92601,3840,54.1,paypal
92602,3841,65.88,credit_card
92603,3842,182.76,bank_transfer
92604,3843,239.31,credit_card
92605,3844,107.19,gift_card
92606,3846,66.16,bank_transfer
92607,3848,159.91,bank_transfer
92608,3849,211.4,paypal
92609,3850,19.47,gift_card
92610,3851,160.02,gift_card
92611,3853,76.2,bank_transfer
92612,3854,185.92,gift_card
92613,3855,16.74,gift_card
92614,3856,96.96,bank_transfer
92615,3858,172.79,bank_transfer
92616,3859,123.79,credit_card
92617,3860,110.74,credit_card
92618,3861,70.9,paypal
92619,3864,232.64,credit_card
92620,3865,78.98,gift_card
92621,3866,157.17,bank_transfer
92622,3867,237.15,bank_transfer
92623,3869,64.58,paypal
92624,3870,178.06,bank_transfer
92625,3872,118.43,bank_transfer
92626,3876,104.07,paypal
92627,3878,224.34,paypal
92628,3879,56.79,gift_card
92629,3880,78.51,gift_card
92630,3881,136.73,paypal
92631,3883,216.07,gift_card
92632,3888,9.66,credit_card
92633,3891,231.73,gift_card
92634,3892,50.89,paypal
92635,3893,161.17,paypal
92636,3894,95.59,gift_card
92637,3895,113.31,paypal
92638,3896,47.18,gift_card
92639,3897,154.6,paypal
92640,3898,156.78,paypal
92641,3899,14.1,bank_transfer
92642,3900,33.48,credit_card
92643,3904,22.67,credit_card
92644,3907,89.11,credit_card
92645,3909,193.16,bank_transfer
92646,3911,195.48,paypal
92647,3913,95.17,gift_card
92648,3914,176.67,bank_transfer
92649,3915,127.97,bank_transfer
92650,3916,139.32,gift_card
92651,3917,236.95,paypal
92652,3918,59.59,gift_card
92653,3919,204.06,credit_card
92654,3922,50.62,paypal
92655,3924,220.69,bank_transfer
92656,3927,101.14,gift_card
92657,3929,200.61,bank_transfer
92658,3932,238.01,credit_card
92659,3933,172.4,gift_card
92660,3934,166.36,bank_transfer
92661,3935,93.24,bank_transfer
92662,3936,12.31,credit_card
92663,3938,215.17,gift_card
92664,3939,28.45,credit_card
92665,3940,94.97,credit_card
92666,3943,35.84,paypal
92667,3945,210.8,paypal
92668,3947,237.85,bank_transfer
92669,3948,205.72,bank_transfer
92670,3949,234.49,gift_card
92671,3950,181.02,paypal
92672,3951,89.51,credit_card
92673,3953,105.74,paypal
92674,3955,165.04,credit_card
92675,3959,220.73,gift_card
92676,3964,179.23,paypal
92677,3965,203.04,bank_transfer
92678,3966,230.6,paypal
92679,3967,33.51,credit_card
92680,3968,90.04,gift_card
92681,3969,27.73,gift_card
92682,3970,65.07,paypal
92683,3971,148.77,paypal
92684,3972,80.01,credit_card
92685,3974,165.31,bank_transfer
92686,3975,66.04,paypal
92687,3976,119.89,paypal
92688,3977,220.96,gift_card
92689,3979,216.04,paypal
92690,3980,62.8,bank_transfer
92691,3981,31.82,gift_card
92692,3983,102.28,bank_transfer
92693,3986,34.15,bank_transfer
92694,3987,123.87,paypal
92695,3989,75.98,gift_card
92696,3991,234.19,credit_card
92697,3993,141.8,gift_card
92698,3996,198.88,bank_transfer
92699,3997,42.87,bank_transfer
92700,3998,119.45,gift_card
92701,3999,74.44,gift_card
92702,4001,93.59,credit_card
92703,4003,97.42,paypal
92704,4004,110.01,paypal
92705,4006,20.38,paypal
92706,4009,56.01,credit_card
92707,4010,205.76,gift_card
92708,4011,57.23,gift_card
92709,4012,128.8,paypal
92710,4013,87.02,bank_transfer
92711,4014,137.2,credit_card
92712,4015,206.08,gift_card
92713,4018,228.07,paypal
92714,4020,110.17,credit_card
92715,4021,27.7,paypal
92716,4022,152.31,bank_transfer
92717,4023,160.49,bank_transfer
92718,4024,199.11,gift_card
92719,4025,132.86,bank_transfer
92720,4026,28.16,gift_card
92721,4031,135.83,credit_card
92722,4032,102.19,credit_card
92723,4033,24.53,paypal
92724,4034,131.57,gift_card
92725,4035,47.7,credit_card
92726,4036,177.14,paypal
92727,4039,93.31,credit_card
92728,4040,192.84,gift_card
92729,4041,123.65,credit_card
92730,4042,227.45,paypal
92731,4044,238.35,bank_transfer
92732,4045,33.27,gift_card
92733,4046,211.66,credit_card
92734,4047,51.82,credit_card
92735,4048,144.88,gift_card
92736,4052,27.94,credit_card
92737,4054,226.65,gift_card
92738,4056,149.68,bank_transfer
92739,4060,100.71,gift_card
92740,4061,159.61,credit_card
92741,4062,151.3,gift_card
92742,4063,33.44,bank_transfer
92743,4065,186.47,paypal
92744,4066,131.47,gift_card
92745,4067,187.98,bank_transfer
92746,4068,186.71,gift_card
92747,4070,171.42,gift_card
92748,4071,149.01,credit_card
92749,4074,194.92,paypal
92750,4075,95.92,gift_card
92751,4076,236.49,gift_card
92752,4077,127.31,gift_card
92753,4078,123.51,bank_transfer
92754,4079,18.81,credit_card
92755,4081,72.71,gift_card
92756,4082,150.1,paypal
92757,4083,47.91,gift_card
92758,4084,53.74,bank_transfer
92759,4085,75.59,gift_card
92760,4087,93.91,credit_card
92761,4088,197.36,paypal
92762,4089,169.92,bank_transfer
92763,4090,57.92,credit_card
92764,4091,44.95,credit_card
92765,4092,89.39,paypal
92766,4093,17.97,paypal
92767,4095,20.23,bank_transfer
92768,4096,179.62,credit_card
92769,4097,228.39,credit_card
92770,4098,91.57,bank_transfer
92771,4099,44.2,credit_card
92772,4100,76.16,credit_card
92773,4101,154.62,bank_transfer
92774,4102,60.65,bank_transfer
92775,4103,169.05,credit_card
92776,4105,75.01,credit_card
92777,4106,238.93,gift_card
92778,4108,197.14,bank_transfer
92779,4109,218.09,credit_card
92780,4110,175.87,paypal
92781,4112,31.47,paypal
92782,4114,233.36,paypal
92783,4118,229.0,paypal
92784,4119,59.92,bank_transfer
92785,4120,194.7,gift_card
92786,4121,52.34,paypal
92787,4123,186.12,paypal
92788,4124,184.04,gift_card
92789,4125,207.44,paypal
92790,4128,209.0,credit_card
92791,4129,121.94,bank_transfer
92792,4133,54.83,credit_card
92793,4134,140.56,gift_card
92794,4137,40.57,credit_card
92795,4138,164.34,bank_transfer
92796,4139,17.57,paypal
92797,4141,88.53,credit_card
92798,4143,45.34,gift_card
92799,4144,239.15,paypal
92800,4147,162.75,credit_card
92801,4149,97.15,bank_transfer
92802,4151,135.34,paypal
92803,4153,129.44,credit_card
92804,4155,41.44,bank_transfer
92805,4156,201.96,gift_card
92806,4157,96.96,credit_card
92807,4159,207.72,paypal
92808,4160,175.49,bank_transfer
92809,4161,167.87,paypal
92810,4162,81.08,gift_card
92811,4163,230.16,paypal
92812,4165,85.37,paypal
92813,4167,185.13,paypal
92814,4169,23.31,bank_transfer
92815,4170,227.65,paypal
92816,4171,233.87,bank_transfer
92817,4174,187.81,credit_card
92818,4176,143.52,gift_card
92819,4177,74.79,bank_transfer
92820,4179,158.74,credit_card
92821,4180,118.4,paypal
92822,4182,94.16,paypal
92823,4183,105.03,gift_card
92824,4184,199.9,credit_card
92825,4185,193.33,paypal
92826,4189,135.1,bank_transfer
92827,4191,223.37,credit_card
92828,4192,132.77,bank_transfer
92829,4193,43.85,bank_transfer
92830,4194,222.81,paypal
92831,4195,189.01,bank_transfer
92832,4198,228.77,bank_transfer
92833,4201,15.89,bank_transfer
92834,4202,230.0,gift_card
92835,4207,109.9,credit_card
92836,4208,105.99,paypal
92837,4209,227.84,paypal
92838,4211,130.43,bank_transfer
92839,4212,74.21,credit_card
92840,4213,170.15,gift_card
92841,4214,19.26,bank_transfer
92842,4216,234.09,bank_transfer
92843,4217,159.06,credit_card
92844,4219,96.26,bank_transfer
92845,4220,75.37,gift_card
92846,4221,197.62,paypal
92847,4222,45.85,credit_card
92848,4223,205.87,credit_card
92849,4226,73.53,bank_transfer
92850,4227,200.88,credit_card
92851,4228,41.11,gift_card
92852,4230,21.25,gift_card
92853,4231,93.6,gift_card
92854,4233,190.35,credit_card
92855,4234,183.48,credit_card
92856,4235,190.2,bank_transfer
92857,4236,31.31,credit_card
92858,4237,191.95,gift_card
92859,4239,138.15,paypal
92860,4240,136.49,gift_card
92861,4241,84.03,credit_card
92862,4242,40.75,gift_card
92863,4243,184.98,bank_transfer
92864,4244,226.71,credit_card
92865,4246,191.53,credit_card
92866,4247,136.96,bank_transfer
92867,4248,163.11,bank_transfer
92868,4251,223.61,bank_transfer
92869,4252,84.44,gift_card
92870,4253,53.56,credit_card
92871,4254,37.71,credit_card
92872,4256,198.83,paypal
92873,4257,162.18,gift_card
92874,4258,10.64,paypal
92875,4259,235.58,bank_transfer
92876,4261,40.68,gift_card
92877,4263,11.71,gift_card
92878,4265,133.87,bank_transfer
92879,4266,230.85,paypal
92880,4267,153.59,paypal
92881,4270,122.47,gift_card
92882,4271,105.22,gift_card
92883,4272,121.22,gift_card
92884,4273,49.88,credit_card
92885,4275,44.11,credit_card
92886,4276,128.1,credit_card
92887,4284,27.59,paypal
92888,4286,198.14,paypal
92889,4287,222.46,paypal
92890,4289,43.88,credit_card
92891,4290,91.03,gift_card
92892,4291,81.73,credit_card
92893,4292,224.45,bank_transfer
92894,4293,113.49,bank_transfer
92895,4295,111.88,credit_card
92896,4296,13.71,credit_card
92897,4297,193.08,paypal
92898,4299,163.44,gift_card
92899,4300,173.05,gift_card
92900,4301,83.81,gift_card
92901,4304,192.74,credit_card
92902,4305,208.25,paypal
92903,4306,15.45,paypal
92904,4309,22.6,bank_transfer
92905,4310,102.28,credit_card
92906,4311,112.35,paypal
92907,4312,133.48,bank_transfer
92908,4314,116.01,paypal
92909,4315,97.43,credit_card
92910,4318,87.08,paypal
92911,4319,59.78,paypal
92912,4320,223.22,credit_card
92913,4322,13.41,credit_card
92914,4323,193.38,paypal
92915,4324,222.76,bank_transfer
92916,4325,39.61,bank_transfer
92917,4326,30.9,paypal
92918,4327,62.62,bank_transfer
92919,4329,162.24,paypal
92920,4330,69.96,credit_card
92921,4332,156.52,credit_card
92922,4333,73.43,gift_card
92923,4334,41.95,gift_card
92924,4335,192.06,bank_transfer
92925,4336,142.59,gift_card
92926,4338,60.22,paypal
92927,4339,195.42,bank_transfer
92928,4340,53.1,bank_transfer
92929,4342,39.4,bank_transfer
92930,4347,27.02,credit_card
92931,4349,9.85,bank_transfer
92932,4350,9.38,credit_card
92933,4351,95.03,credit_card
92934,4352,88.95,credit_card
92935,4353,48.72,bank_transfer
92936,4354,205.66,bank_transfer
92937,4355,10.29,bank_transfer
92938,4356,111.5,gift_card
92939,4357,36.7,paypal
92940,4358,14.34,gift_card
92941,4359,148.96,gift_card
92942,4361,220.08,paypal
92943,4363,128.17,gift_card
92944,4364,226.81,paypal
92945,4365,223.54,gift_card
92946,4366,79.67,credit_card
92947,4367,137.5,bank_transfer
92948,4372,51.13,paypal
92949,4374,94.77,bank_transfer
92950,4375,181.07,gift_card
92951,4376,38.42,credit_card
92952,4378,149.99,bank_transfer
92953,4379,81.04,bank_transfer
92954,4380,76.21,bank_transfer
92955,4381,129.66,gift_card
92956,4382,135.71,paypal
92957,4383,37.01,paypal
92958,4384,157.02,credit_card
92959,4386,99.01,paypal
92960,4388,57.15,gift_card
92961,4389,197.73,bank_transfer
92962,4391,190.61,gift_card
92963,4393,101.62,paypal
92964,4395,60.28,paypal
92965,4396,43.83,credit_card
92966,4398,199.04,gift_card
92967,4400,221.75,paypal
92968,4401,11.55,bank_transfer
92969,4404,170.83,credit_card
92970,4406,159.76,paypal
92971,4407,168.85,bank_transfer
92972,4408,47.47,credit_card
92973,4409,86.38,gift_card
92974,4410,183.45,gift_card
92975,4411,63.41,bank_transfer
92976,4412,67.05,credit_card
92977,4413,13.41,gift_card
92978,4414,90.27,paypal
92979,4415,89.68,credit_card
92980,4417,125.43,paypal
92981,4418,52.67,bank_transfer
92982,4419,53.22,gift_card
92983,4420,148.53,credit_card
92984,4422,177.06,paypal
92985,4423,26.27,paypal
92986,4425,212.4,gift_card
92987,4426,22.12,gift_card
92988,4427,103.7,credit_card
92989,4428,169.8,bank_transfer
92990,4429,184.11,bank_transfer
92991,4431,160.19,credit_card
92992,4433,107.62,bank_transfer
92993,4436,127.39,bank_transfer
92994,4437,147.29,bank_transfer
92995,4438,108.28,credit_card
92996,4439,93.73,gift_card
92997,4440,158.7,gift_card
92998,4441,211.16,gift_card
92999,4442,102.25,credit_card
93000,4443,57.42,bank_transfer
93001,4444,34.54,credit_card
93002,4446,221.5,bank_transfer
93003,4447,237.38,credit_card
93004,4449,47.34,gift_card
93005,4451,131.83,paypal
93006,4452,171.44,gift_card
93007,4453,128.22,paypal
93008,4454,190.72,bank_transfer
93009,4455,27.69,paypal
93010,4456,140.04,gift_card
93011,4458,43.94,bank_transfer
93012,4459,142.76,paypal
93013,4460,36.45,credit_card
93014,4461,39.18,credit_card
93015,4462,68.04,paypal
93016,4464,238.27,paypal
93017,4466,36.94,credit_card
93018,4467,232.75,credit_card
93019,4469,107.65,credit_card
93020,4470,37.62,gift_card
93021,4474,77.26,credit_card
93022,4475,115.2,credit_card
93023,4476,72.29,paypal
93024,4478,129.07,paypal
93025,4479,16.55,paypal
93026,4480,52.22,paypal
93027,4482,96.24,bank_transfer
93028,4484,23.67,gift_card
93029,4486,117.97,bank_transfer
93030,4488,133.03,bank_transfer
93031,4490,30.93,paypal
93032,4491,91.96,paypal
93033,4492,73.36,paypal
93034,4495,143.17,paypal
93035,4499,131.44,credit_card
93036,4500,103.44,paypal
93037,4501,158.63,bank_transfer
93038,4505,40.26,bank_transfer
93039,4507,18.32,credit_card
93040,4508,115.65,bank_transfer
93041,4509,193.13,paypal
93042,4510,189.9,gift_card
93043,4511,182.63,bank_transfer
93044,4512,81.96,bank_transfer
93045,4514,178.41,gift_card
93046,4517,208.11,bank_transfer
93047,4519,233.79,gift_card
93048,4520,226.58,bank_transfer
93049,4523,70.82,bank_transfer
93050,4524,61.83,credit_card
93051,4525,89.48,bank_transfer
93052,4527,52.5,paypal
93053,4529,193.96,paypal
93054,4530,56.47,bank_transfer
93055,4531,154.06,gift_card
93056,4533,95.91,credit_card
93057,4534,149.77,bank_transfer
93058,4535,149.68,gift_card
93059,4537,98.28,paypal
93060,4538,215.4,bank_transfer
93061,4540,141.82,paypal
93062,4541,40.06,bank_transfer
93063,4542,215.42,gift_card
93064,4543,154.1,bank_transfer
93065,4545,161.26,paypal
93066,4546,167.29,gift_card
93067,4550,219.35,paypal
93068,4551,50.2,gift_card
93069,4552,43.0,gift_card
93070,4553,99.52,paypal
93071,4554,149.98,paypal
93072,4555,236.5,bank_transfer
93073,4557,159.89,gift_card
93074,4559,141.53,gift_card
93075,4560,28.14,credit_card
93076,4561,156.99,paypal
93077,4564,198.89,credit_card
93078,4566,108.22,paypal
93079,4567,62.13,gift_card
93080,4569,210.3,credit_card
93081,4570,126.27,gift_card
93082,4571,105.95,bank_transfer
93083,4574,66.33,credit_card
93084,4575,114.42,paypal
93085,4578,97.43,credit_card
93086,4582,50.67,gift_card
93087,4583,52.63,paypal
93088,4587,60.44,gift_card
93089,4592,39.46,bank_transfer
93090,4593,100.28,paypal
93091,4594,53.37,gift_card
93092,4595,162.06,bank_transfer
93093,4596,176.76,paypal
93094,4597,89.63,credit_card
93095,4598,66.55,credit_card
93096,4599,228.64,credit_card
93097,4601,168.9,paypal
93098,4602,146.89,gift_card
93099,4603,75.07,gift_card
93100,4604,22.59,paypal
93101,4605,65.86,bank_transfer
93102,4608,135.27,gift_card
93103,4609,217.45,gift_card
93104,4612,75.01,gift_card
93105,4613,156.49,credit_card
93106,4615,105.06,paypal
93107,4618,27.12,paypal
93108,4621,52.64,credit_card
93109,4622,199.81,paypal
93110,4623,150.76,credit_card
93111,4624,53.15,paypal
93112,4626,190.24,credit_card
93113,4628,208.19,bank_transfer
93114,4631,154.51,paypal
93115,4633,171.62,paypal
93116,4634,229.05,credit_card
93117,4635,234.94,bank_transfer
93118,4637,96.58,bank_transfer
93119,4638,17.34,credit_card
93120,4639,200.46,gift_card
93121,4640,121.74,bank_transfer
93122,4641,16.99,bank_transfer
93123,4642,152.11,paypal
93124,4644,177.32,bank_transfer
93125,4645,56.37,gift_card
93126,4646,94.77,bank_transfer
93127,4648,43.85,gift_card
93128,4649,132.3,paypal
93129,4650,169.16,paypal
93130,4654,43.12,bank_transfer
93131,4655,192.56,bank_transfer
93132,4656,97.73,paypal
93133,4658,83.58,paypal
93134,4660,89.76,credit_card
93135,4662,235.29,paypal
93136,4663,90.3,gift_card
93137,4664,81.9,paypal
93138,4665,76.72,paypal
93139,4666,209.19,paypal
93140,4667,129.17,paypal
93141,4668,43.19,gift_card
93142,4669,87.67,paypal
93143,4670,18.61,gift_card
93144,4671,30.28,bank_transfer
93145,4672,173.2,credit_card
93146,4673,192.61,gift_card
93147,4675,115.17,bank_transfer
93148,4677,209.8,gift_card
93149,4679,62.84,bank_transfer
93150,4680,10.53,paypal
93151,4682,27.86,bank_transfer
93152,4684,95.43,gift_card
93153,4687,121.54,credit_card
93154,4688,50.84,paypal
93155,4689,20.81,credit_card
93156,4691,120.68,gift_card
93157,4692,45.81,gift_card
93158,4693,105.87,paypal
93159,4694,119.69,gift_card
93160,4695,9.81,paypal
93161,4696,36.89,gift_card
93162,4697,19.12,credit_card
93163,4699,118.71,bank_transfer
93164,4700,72.37,bank_transfer
93165,4701,166.13,gift_card
93166,4702,106.86,gift_card
93167,4703,81.71,paypal
93168,4705,193.5,paypal
93169,4707,167.62,paypal
93170,4709,138.13,credit_card
93171,4711,193.18,bank_transfer
93172,4712,213.01,paypal
93173,4713,59.67,credit_card
93174,4714,123.2,gift_card
93175,4715,168.46,credit_card
93176,4717,193.19,credit_card
93177,4718,49.24,credit_card
93178,4719,149.55,paypal
93179,4721,197.13,gift_card
93180,4722,198.27,bank_transfer
93181,4725,112.33,paypal
93182,4726,31.57,bank_transfer
93183,4727,144.65,gift_card
93184,4728,203.12,credit_card
93185,4730,230.89,gift_card
93186,4732,63.34,credit_card
93187,4733,226.84,credit_card
93188,4734,110.47,paypal
93189,4737,43.31,bank_transfer
93190,4738,13.42,bank_transfer
93191,4740,116.59,gift_card
93192,4741,160.76,gift_card
93193,4743,114.09,paypal
93194,4745,191.01,bank_transfer
93195,4746,44.33,credit_card
93196,4748,116.3,paypal
93197,4749,138.2,gift_card
93198,4751,22.45,bank_transfer
93199,4752,222.29,paypal
93200,4753,95.37,bank_transfer
93201,4755,46.42,bank_transfer
93202,4756,81.12,credit_card
93203,4757,44.36,bank_transfer
93204,4759,141.66,gift_card
93205,4760,112.15,credit_card
93206,4761,19.72,credit_card
93207,4762,102.89,paypal
93208,4763,131.11,bank_transfer
93209,4764,26.52,paypal
93210,4765,137.33,credit_card
93211,4767,39.78,bank_transfer
93212,4768,224.45,gift_card
93213,4769,98.73,bank_transfer
93214,4772,51.14,credit_card
93215,4773,18.57,credit_card
93216,4775,147.4,credit_card
93217,4777,130.2,paypal
93218,4779,96.4,credit_card
93219,4781,18.93,bank_transfer
93220,4783,87.19,gift_card
93221,4784,122.55,bank_transfer
93222,4785,232.69,bank_transfer
93223,4786,36.08,gift_card
93224,4789,103.39,paypal
93225,4790,48.84,gift_card
93226,4791,103.04,paypal
93227,4792,122.49,paypal
93228,4794,61.87,bank_transfer
93229,4795,70.28,paypal
93230,4798,39.22,paypal
93231,4800,38.65,bank_transfer
93232,4801,29.05,bank_transfer
93233,4802,226.86,credit_card
93234,4803,184.2,paypal
93235,4804,177.33,credit_card
93236,4806,155.6,bank_transfer
93237,4807,142.5,bank_transfer
93238,4810,66.62,credit_card
93239,4812,158.4,credit_card
93240,4815,205.45,bank_transfer
93241,4816,225.62,paypal
93242,4817,46.36,paypal
93243,4819,161.98,gift_card
93244,4820,225.02,credit_card
93245,4821,199.34,gift_card
93246,4825,231.27,credit_card
93247,4827,108.1,bank_transfer
93248,4828,233.83,gift_card
93249,4829,239.19,bank_transfer
93250,4830,130.0,paypal
93251,4832,121.07,bank_transfer
93252,4833,236.92,bank_transfer
93253,4835,130.87,bank_transfer
93254,4836,220.82,credit_card
93255,4838,35.69,bank_transfer
93256,4840,123.3,gift_card
93257,4841,46.12,paypal
93258,4842,223.16,gift_card
93259,4843,27.26,bank_transfer
93260,4846,69.22,bank_transfer
93261,4850,177.63,credit_card
93262,4851,184.15,credit_card
93263,4852,49.77,gift_card
93264,4853,196.05,gift_card
93265,4854,9.1,bank_transfer
93266,4857,203.03,bank_transfer
93267,4861,159.7,gift_card
93268,4862,42.33,credit_card
93269,4863,233.52,paypal
93270,4864,104.48,bank_transfer
93271,4868,124.11,credit_card
93272,4869,75.65,gift_card
93273,4870,170.96,bank_transfer
93274,4871,15.9,bank_transfer
93275,4872,28.98,paypal
93276,4873,37.31,paypal
93277,4874,118.99,bank_transfer
93278,4876,145.63,bank_transfer
93279,4877,11.17,gift_card
93280,4878,223.6,bank_transfer
93281,4883,178.55,gift_card
93282,4884,219.18,bank_transfer
93283,4885,83.37,gift_card
93284,4886,208.46,paypal
93285,4887,55.24,bank_transfer
93286,4889,233.18,gift_card
93287,4890,39.62,credit_card
93288,4891,18.22,paypal
93289,4892,21.26,credit_card
93290,4893,204.43,credit_card
93291,4896,92.07,paypal
93292,4897,225.13,paypal
93293,4899,135.47,bank_transfer
93294,4900,58.52,bank_transfer
93295,4901,222.16,bank_transfer
93296,4903,29.2,paypal
93297,4904,94.2,bank_transfer
93298,4905,51.73,bank_transfer
93299,4906,151.59,bank_transfer
93300,4907,199.4,credit_card
93301,4908,133.61,paypal
93302,4910,138.12,credit_card
93303,4912,214.01,credit_card
93304,4913,68.46,credit_card
93305,4914,91.76,credit_card
93306,4915,180.6,paypal
93307,4916,149.04,gift_card
93308,4917,167.68,gift_card
93309,4919,200.01,bank_transfer
93310,4920,175.19,bank_transfer
93311,4921,33.1,bank_transfer
93312,4922,173.02,bank_transfer
93313,4923,122.92,gift_card
93314,4924,101.31,bank_transfer
93315,4925,71.77,paypal
93316,4926,174.0,credit_card
93317,4927,238.05,paypal
93318,4928,177.16,credit_card
93319,4929,146.98,bank_transfer
93320,4931,48.63,gift_card
93321,4932,37.05,credit_card
93322,4933,180.47,gift_card
93323,4935,84.79,gift_card
93324,4937,80.19,paypal
93325,4939,135.81,credit_card
93326,4940,60.61,paypal
93327,4941,233.82,gift_card
93328,4942,83.78,gift_card
93329,4944,199.53,gift_card
93330,4945,219.82,gift_card
93331,4946,236.39,bank_transfer
93332,4948,31.08,credit_card
93333,4949,80.84,credit_card
93334,4950,87.46,bank_transfer
93335,4951,166.54,bank_transfer
93336,4952,181.86,gift_card
93337,4953,218.09,bank_transfer
93338,4954,235.05,gift_card
93339,4955,103.05,credit_card
93340,4956,115.58,paypal
93341,4957,205.2,gift_card
93342,4958,207.69,credit_card
93343,4960,78.05,paypal
93344,4961,160.1,gift_card
93345,4962,105.04,paypal
93346,4963,143.75,gift_card
93347,4964,66.83,credit_card
93348,4965,204.04,gift_card
93349,4966,86.76,gift_card
93350,4967,221.29,credit_card
93351,4968,34.75,credit_card
93352,4969,112.58,bank_transfer
93353,4970,38.14,gift_card
93354,4971,187.0,bank_transfer
93355,4972,28.82,bank_transfer
93356,4974,59.94,bank_transfer
93357,4975,29.32,bank_transfer
93358,4977,40.41,paypal
93359,4981,26.22,credit_card
93360,4982,83.52,bank_transfer
93361,4983,183.9,bank_transfer
93362,4984,106.56,bank_transfer
93363,4986,185.92,credit_card
93364,4988,169.52,credit_card
93365,4990,162.23,credit_card
93366,4991,38.64,credit_card
93367,4992,224.88,paypal
93368,4993,218.44,credit_card
93369,4994,8.31,bank_transfer
93370,4995,82.94,paypal
93371,4996,64.64,bank_transfer
93372,4997,53.68,credit_card
93373,4998,49.9,paypal
93374,4999,150.67,paypal
93375,5000,193.66,credit_card
